type,zone,period,year,month,mthcode,value,unit
anomaly,G,1880-01-01,1880,1,Jan,-0.18,C
anomaly,G,1880-02-01,1880,2,Feb,-0.24,C
anomaly,G,1880-03-01,1880,3,Mar,-0.09,C
anomaly,G,1880-04-01,1880,4,Apr,-0.16,C
anomaly,G,1880-05-01,1880,5,May,-0.1,C
anomaly,G,1880-06-01,1880,6,Jun,-0.21,C
anomaly,G,1880-07-01,1880,7,Jul,-0.18,C
anomaly,G,1880-08-01,1880,8,Aug,-0.1,C
anomaly,G,1880-09-01,1880,9,Sep,-0.15,C
anomaly,G,1880-10-01,1880,10,Oct,-0.23,C
anomaly,G,1880-11-01,1880,11,Nov,-0.22,C
anomaly,G,1880-12-01,1880,12,Dec,-0.17,C
anomaly,G,1881-01-01,1881,1,Jan,-0.19,C
anomaly,G,1881-02-01,1881,2,Feb,-0.14,C
anomaly,G,1881-03-01,1881,3,Mar,0.03,C
anomaly,G,1881-04-01,1881,4,Apr,0.05,C
anomaly,G,1881-05-01,1881,5,May,0.06,C
anomaly,G,1881-06-01,1881,6,Jun,-0.18,C
anomaly,G,1881-07-01,1881,7,Jul,0.0,C
anomaly,G,1881-08-01,1881,8,Aug,-0.03,C
anomaly,G,1881-09-01,1881,9,Sep,-0.15,C
anomaly,G,1881-10-01,1881,10,Oct,-0.22,C
anomaly,G,1881-11-01,1881,11,Nov,-0.18,C
anomaly,G,1881-12-01,1881,12,Dec,-0.07,C
anomaly,G,1882-01-01,1882,1,Jan,0.16,C
anomaly,G,1882-02-01,1882,2,Feb,0.14,C
anomaly,G,1882-03-01,1882,3,Mar,0.04,C
anomaly,G,1882-04-01,1882,4,Apr,-0.16,C
anomaly,G,1882-05-01,1882,5,May,-0.14,C
anomaly,G,1882-06-01,1882,6,Jun,-0.22,C
anomaly,G,1882-07-01,1882,7,Jul,-0.17,C
anomaly,G,1882-08-01,1882,8,Aug,-0.08,C
anomaly,G,1882-09-01,1882,9,Sep,-0.15,C
anomaly,G,1882-10-01,1882,10,Oct,-0.23,C
anomaly,G,1882-11-01,1882,11,Nov,-0.17,C
anomaly,G,1882-12-01,1882,12,Dec,-0.36,C
anomaly,G,1883-01-01,1883,1,Jan,-0.29,C
anomaly,G,1883-02-01,1883,2,Feb,-0.37,C
anomaly,G,1883-03-01,1883,3,Mar,-0.12,C
anomaly,G,1883-04-01,1883,4,Apr,-0.18,C
anomaly,G,1883-05-01,1883,5,May,-0.18,C
anomaly,G,1883-06-01,1883,6,Jun,-0.07,C
anomaly,G,1883-07-01,1883,7,Jul,-0.07,C
anomaly,G,1883-08-01,1883,8,Aug,-0.14,C
anomaly,G,1883-09-01,1883,9,Sep,-0.22,C
anomaly,G,1883-10-01,1883,10,Oct,-0.11,C
anomaly,G,1883-11-01,1883,11,Nov,-0.24,C
anomaly,G,1883-12-01,1883,12,Dec,-0.11,C
anomaly,G,1884-01-01,1884,1,Jan,-0.13,C
anomaly,G,1884-02-01,1884,2,Feb,-0.08,C
anomaly,G,1884-03-01,1884,3,Mar,-0.36,C
anomaly,G,1884-04-01,1884,4,Apr,-0.4,C
anomaly,G,1884-05-01,1884,5,May,-0.34,C
anomaly,G,1884-06-01,1884,6,Jun,-0.35,C
anomaly,G,1884-07-01,1884,7,Jul,-0.3,C
anomaly,G,1884-08-01,1884,8,Aug,-0.28,C
anomaly,G,1884-09-01,1884,9,Sep,-0.27,C
anomaly,G,1884-10-01,1884,10,Oct,-0.25,C
anomaly,G,1884-11-01,1884,11,Nov,-0.33,C
anomaly,G,1884-12-01,1884,12,Dec,-0.31,C
anomaly,G,1885-01-01,1885,1,Jan,-0.58,C
anomaly,G,1885-02-01,1885,2,Feb,-0.33,C
anomaly,G,1885-03-01,1885,3,Mar,-0.26,C
anomaly,G,1885-04-01,1885,4,Apr,-0.42,C
anomaly,G,1885-05-01,1885,5,May,-0.45,C
anomaly,G,1885-06-01,1885,6,Jun,-0.43,C
anomaly,G,1885-07-01,1885,7,Jul,-0.34,C
anomaly,G,1885-08-01,1885,8,Aug,-0.31,C
anomaly,G,1885-09-01,1885,9,Sep,-0.28,C
anomaly,G,1885-10-01,1885,10,Oct,-0.23,C
anomaly,G,1885-11-01,1885,11,Nov,-0.24,C
anomaly,G,1885-12-01,1885,12,Dec,-0.1,C
anomaly,G,1886-01-01,1886,1,Jan,-0.44,C
anomaly,G,1886-02-01,1886,2,Feb,-0.51,C
anomaly,G,1886-03-01,1886,3,Mar,-0.43,C
anomaly,G,1886-04-01,1886,4,Apr,-0.28,C
anomaly,G,1886-05-01,1886,5,May,-0.24,C
anomaly,G,1886-06-01,1886,6,Jun,-0.34,C
anomaly,G,1886-07-01,1886,7,Jul,-0.18,C
anomaly,G,1886-08-01,1886,8,Aug,-0.31,C
anomaly,G,1886-09-01,1886,9,Sep,-0.24,C
anomaly,G,1886-10-01,1886,10,Oct,-0.28,C
anomaly,G,1886-11-01,1886,11,Nov,-0.27,C
anomaly,G,1886-12-01,1886,12,Dec,-0.25,C
anomaly,G,1887-01-01,1887,1,Jan,-0.72,C
anomaly,G,1887-02-01,1887,2,Feb,-0.57,C
anomaly,G,1887-03-01,1887,3,Mar,-0.36,C
anomaly,G,1887-04-01,1887,4,Apr,-0.35,C
anomaly,G,1887-05-01,1887,5,May,-0.31,C
anomaly,G,1887-06-01,1887,6,Jun,-0.25,C
anomaly,G,1887-07-01,1887,7,Jul,-0.26,C
anomaly,G,1887-08-01,1887,8,Aug,-0.35,C
anomaly,G,1887-09-01,1887,9,Sep,-0.26,C
anomaly,G,1887-10-01,1887,10,Oct,-0.36,C
anomaly,G,1887-11-01,1887,11,Nov,-0.26,C
anomaly,G,1887-12-01,1887,12,Dec,-0.33,C
anomaly,G,1888-01-01,1888,1,Jan,-0.34,C
anomaly,G,1888-02-01,1888,2,Feb,-0.36,C
anomaly,G,1888-03-01,1888,3,Mar,-0.41,C
anomaly,G,1888-04-01,1888,4,Apr,-0.2,C
anomaly,G,1888-05-01,1888,5,May,-0.22,C
anomaly,G,1888-06-01,1888,6,Jun,-0.17,C
anomaly,G,1888-07-01,1888,7,Jul,-0.1,C
anomaly,G,1888-08-01,1888,8,Aug,-0.15,C
anomaly,G,1888-09-01,1888,9,Sep,-0.12,C
anomaly,G,1888-10-01,1888,10,Oct,0.02,C
anomaly,G,1888-11-01,1888,11,Nov,0.03,C
anomaly,G,1888-12-01,1888,12,Dec,-0.04,C
anomaly,G,1889-01-01,1889,1,Jan,-0.09,C
anomaly,G,1889-02-01,1889,2,Feb,0.17,C
anomaly,G,1889-03-01,1889,3,Mar,0.06,C
anomaly,G,1889-04-01,1889,4,Apr,0.1,C
anomaly,G,1889-05-01,1889,5,May,0.0,C
anomaly,G,1889-06-01,1889,6,Jun,-0.1,C
anomaly,G,1889-07-01,1889,7,Jul,-0.07,C
anomaly,G,1889-08-01,1889,8,Aug,-0.2,C
anomaly,G,1889-09-01,1889,9,Sep,-0.24,C
anomaly,G,1889-10-01,1889,10,Oct,-0.25,C
anomaly,G,1889-11-01,1889,11,Nov,-0.33,C
anomaly,G,1889-12-01,1889,12,Dec,-0.28,C
anomaly,G,1890-01-01,1890,1,Jan,-0.41,C
anomaly,G,1890-02-01,1890,2,Feb,-0.44,C
anomaly,G,1890-03-01,1890,3,Mar,-0.4,C
anomaly,G,1890-04-01,1890,4,Apr,-0.3,C
anomaly,G,1890-05-01,1890,5,May,-0.39,C
anomaly,G,1890-06-01,1890,6,Jun,-0.24,C
anomaly,G,1890-07-01,1890,7,Jul,-0.28,C
anomaly,G,1890-08-01,1890,8,Aug,-0.39,C
anomaly,G,1890-09-01,1890,9,Sep,-0.36,C
anomaly,G,1890-10-01,1890,10,Oct,-0.25,C
anomaly,G,1890-11-01,1890,11,Nov,-0.43,C
anomaly,G,1890-12-01,1890,12,Dec,-0.31,C
anomaly,G,1891-01-01,1891,1,Jan,-0.33,C
anomaly,G,1891-02-01,1891,2,Feb,-0.47,C
anomaly,G,1891-03-01,1891,3,Mar,-0.18,C
anomaly,G,1891-04-01,1891,4,Apr,-0.27,C
anomaly,G,1891-05-01,1891,5,May,-0.16,C
anomaly,G,1891-06-01,1891,6,Jun,-0.21,C
anomaly,G,1891-07-01,1891,7,Jul,-0.18,C
anomaly,G,1891-08-01,1891,8,Aug,-0.17,C
anomaly,G,1891-09-01,1891,9,Sep,-0.16,C
anomaly,G,1891-10-01,1891,10,Oct,-0.22,C
anomaly,G,1891-11-01,1891,11,Nov,-0.31,C
anomaly,G,1891-12-01,1891,12,Dec,-0.04,C
anomaly,G,1892-01-01,1892,1,Jan,-0.29,C
anomaly,G,1892-02-01,1892,2,Feb,-0.11,C
anomaly,G,1892-03-01,1892,3,Mar,-0.4,C
anomaly,G,1892-04-01,1892,4,Apr,-0.34,C
anomaly,G,1892-05-01,1892,5,May,-0.23,C
anomaly,G,1892-06-01,1892,6,Jun,-0.22,C
anomaly,G,1892-07-01,1892,7,Jul,-0.31,C
anomaly,G,1892-08-01,1892,8,Aug,-0.27,C
anomaly,G,1892-09-01,1892,9,Sep,-0.17,C
anomaly,G,1892-10-01,1892,10,Oct,-0.14,C
anomaly,G,1892-11-01,1892,11,Nov,-0.42,C
anomaly,G,1892-12-01,1892,12,Dec,-0.38,C
anomaly,G,1893-01-01,1893,1,Jan,-0.81,C
anomaly,G,1893-02-01,1893,2,Feb,-0.56,C
anomaly,G,1893-03-01,1893,3,Mar,-0.22,C
anomaly,G,1893-04-01,1893,4,Apr,-0.27,C
anomaly,G,1893-05-01,1893,5,May,-0.33,C
anomaly,G,1893-06-01,1893,6,Jun,-0.25,C
anomaly,G,1893-07-01,1893,7,Jul,-0.14,C
anomaly,G,1893-08-01,1893,8,Aug,-0.25,C
anomaly,G,1893-09-01,1893,9,Sep,-0.22,C
anomaly,G,1893-10-01,1893,10,Oct,-0.18,C
anomaly,G,1893-11-01,1893,11,Nov,-0.18,C
anomaly,G,1893-12-01,1893,12,Dec,-0.31,C
anomaly,G,1894-01-01,1894,1,Jan,-0.52,C
anomaly,G,1894-02-01,1894,2,Feb,-0.28,C
anomaly,G,1894-03-01,1894,3,Mar,-0.22,C
anomaly,G,1894-04-01,1894,4,Apr,-0.44,C
anomaly,G,1894-05-01,1894,5,May,-0.3,C
anomaly,G,1894-06-01,1894,6,Jun,-0.4,C
anomaly,G,1894-07-01,1894,7,Jul,-0.23,C
anomaly,G,1894-08-01,1894,8,Aug,-0.23,C
anomaly,G,1894-09-01,1894,9,Sep,-0.28,C
anomaly,G,1894-10-01,1894,10,Oct,-0.22,C
anomaly,G,1894-11-01,1894,11,Nov,-0.25,C
anomaly,G,1894-12-01,1894,12,Dec,-0.2,C
anomaly,G,1895-01-01,1895,1,Jan,-0.4,C
anomaly,G,1895-02-01,1895,2,Feb,-0.42,C
anomaly,G,1895-03-01,1895,3,Mar,-0.32,C
anomaly,G,1895-04-01,1895,4,Apr,-0.22,C
anomaly,G,1895-05-01,1895,5,May,-0.27,C
anomaly,G,1895-06-01,1895,6,Jun,-0.21,C
anomaly,G,1895-07-01,1895,7,Jul,-0.16,C
anomaly,G,1895-08-01,1895,8,Aug,-0.17,C
anomaly,G,1895-09-01,1895,9,Sep,-0.12,C
anomaly,G,1895-10-01,1895,10,Oct,-0.1,C
anomaly,G,1895-11-01,1895,11,Nov,-0.16,C
anomaly,G,1895-12-01,1895,12,Dec,-0.13,C
anomaly,G,1896-01-01,1896,1,Jan,-0.21,C
anomaly,G,1896-02-01,1896,2,Feb,-0.12,C
anomaly,G,1896-03-01,1896,3,Mar,-0.26,C
anomaly,G,1896-04-01,1896,4,Apr,-0.3,C
anomaly,G,1896-05-01,1896,5,May,-0.15,C
anomaly,G,1896-06-01,1896,6,Jun,-0.11,C
anomaly,G,1896-07-01,1896,7,Jul,-0.02,C
anomaly,G,1896-08-01,1896,8,Aug,-0.05,C
anomaly,G,1896-09-01,1896,9,Sep,-0.07,C
anomaly,G,1896-10-01,1896,10,Oct,0.07,C
anomaly,G,1896-11-01,1896,11,Nov,-0.04,C
anomaly,G,1896-12-01,1896,12,Dec,-0.04,C
anomaly,G,1897-01-01,1897,1,Jan,-0.15,C
anomaly,G,1897-02-01,1897,2,Feb,-0.16,C
anomaly,G,1897-03-01,1897,3,Mar,-0.13,C
anomaly,G,1897-04-01,1897,4,Apr,-0.02,C
anomaly,G,1897-05-01,1897,5,May,-0.01,C
anomaly,G,1897-06-01,1897,6,Jun,-0.11,C
anomaly,G,1897-07-01,1897,7,Jul,-0.02,C
anomaly,G,1897-08-01,1897,8,Aug,-0.09,C
anomaly,G,1897-09-01,1897,9,Sep,-0.08,C
anomaly,G,1897-10-01,1897,10,Oct,-0.12,C
anomaly,G,1897-11-01,1897,11,Nov,-0.17,C
anomaly,G,1897-12-01,1897,12,Dec,-0.2,C
anomaly,G,1898-01-01,1898,1,Jan,-0.02,C
anomaly,G,1898-02-01,1898,2,Feb,-0.29,C
anomaly,G,1898-03-01,1898,3,Mar,-0.51,C
anomaly,G,1898-04-01,1898,4,Apr,-0.31,C
anomaly,G,1898-05-01,1898,5,May,-0.3,C
anomaly,G,1898-06-01,1898,6,Jun,-0.19,C
anomaly,G,1898-07-01,1898,7,Jul,-0.22,C
anomaly,G,1898-08-01,1898,8,Aug,-0.27,C
anomaly,G,1898-09-01,1898,9,Sep,-0.21,C
anomaly,G,1898-10-01,1898,10,Oct,-0.34,C
anomaly,G,1898-11-01,1898,11,Nov,-0.38,C
anomaly,G,1898-12-01,1898,12,Dec,-0.23,C
anomaly,G,1899-01-01,1899,1,Jan,-0.16,C
anomaly,G,1899-02-01,1899,2,Feb,-0.38,C
anomaly,G,1899-03-01,1899,3,Mar,-0.36,C
anomaly,G,1899-04-01,1899,4,Apr,-0.2,C
anomaly,G,1899-05-01,1899,5,May,-0.22,C
anomaly,G,1899-06-01,1899,6,Jun,-0.31,C
anomaly,G,1899-07-01,1899,7,Jul,-0.16,C
anomaly,G,1899-08-01,1899,8,Aug,-0.08,C
anomaly,G,1899-09-01,1899,9,Sep,-0.05,C
anomaly,G,1899-10-01,1899,10,Oct,-0.04,C
anomaly,G,1899-11-01,1899,11,Nov,0.13,C
anomaly,G,1899-12-01,1899,12,Dec,-0.26,C
anomaly,G,1900-01-01,1900,1,Jan,-0.35,C
anomaly,G,1900-02-01,1900,2,Feb,-0.05,C
anomaly,G,1900-03-01,1900,3,Mar,0.01,C
anomaly,G,1900-04-01,1900,4,Apr,-0.08,C
anomaly,G,1900-05-01,1900,5,May,-0.08,C
anomaly,G,1900-06-01,1900,6,Jun,-0.09,C
anomaly,G,1900-07-01,1900,7,Jul,-0.13,C
anomaly,G,1900-08-01,1900,8,Aug,-0.08,C
anomaly,G,1900-09-01,1900,9,Sep,-0.05,C
anomaly,G,1900-10-01,1900,10,Oct,0.1,C
anomaly,G,1900-11-01,1900,11,Nov,-0.06,C
anomaly,G,1900-12-01,1900,12,Dec,-0.06,C
anomaly,G,1901-01-01,1901,1,Jan,-0.21,C
anomaly,G,1901-02-01,1901,2,Feb,-0.1,C
anomaly,G,1901-03-01,1901,3,Mar,0.06,C
anomaly,G,1901-04-01,1901,4,Apr,-0.02,C
anomaly,G,1901-05-01,1901,5,May,-0.14,C
anomaly,G,1901-06-01,1901,6,Jun,-0.11,C
anomaly,G,1901-07-01,1901,7,Jul,-0.14,C
anomaly,G,1901-08-01,1901,8,Aug,-0.2,C
anomaly,G,1901-09-01,1901,9,Sep,-0.22,C
anomaly,G,1901-10-01,1901,10,Oct,-0.29,C
anomaly,G,1901-11-01,1901,11,Nov,-0.17,C
anomaly,G,1901-12-01,1901,12,Dec,-0.27,C
anomaly,G,1902-01-01,1902,1,Jan,-0.17,C
anomaly,G,1902-02-01,1902,2,Feb,-0.06,C
anomaly,G,1902-03-01,1902,3,Mar,-0.27,C
anomaly,G,1902-04-01,1902,4,Apr,-0.28,C
anomaly,G,1902-05-01,1902,5,May,-0.31,C
anomaly,G,1902-06-01,1902,6,Jun,-0.29,C
anomaly,G,1902-07-01,1902,7,Jul,-0.27,C
anomaly,G,1902-08-01,1902,8,Aug,-0.3,C
anomaly,G,1902-09-01,1902,9,Sep,-0.28,C
anomaly,G,1902-10-01,1902,10,Oct,-0.29,C
anomaly,G,1902-11-01,1902,11,Nov,-0.35,C
anomaly,G,1902-12-01,1902,12,Dec,-0.41,C
anomaly,G,1903-01-01,1903,1,Jan,-0.23,C
anomaly,G,1903-02-01,1903,2,Feb,-0.05,C
anomaly,G,1903-03-01,1903,3,Mar,-0.22,C
anomaly,G,1903-04-01,1903,4,Apr,-0.41,C
anomaly,G,1903-05-01,1903,5,May,-0.39,C
anomaly,G,1903-06-01,1903,6,Jun,-0.42,C
anomaly,G,1903-07-01,1903,7,Jul,-0.35,C
anomaly,G,1903-08-01,1903,8,Aug,-0.45,C
anomaly,G,1903-09-01,1903,9,Sep,-0.49,C
anomaly,G,1903-10-01,1903,10,Oct,-0.48,C
anomaly,G,1903-11-01,1903,11,Nov,-0.43,C
anomaly,G,1903-12-01,1903,12,Dec,-0.51,C
anomaly,G,1904-01-01,1904,1,Jan,-0.63,C
anomaly,G,1904-02-01,1904,2,Feb,-0.57,C
anomaly,G,1904-03-01,1904,3,Mar,-0.48,C
anomaly,G,1904-04-01,1904,4,Apr,-0.5,C
anomaly,G,1904-05-01,1904,5,May,-0.51,C
anomaly,G,1904-06-01,1904,6,Jun,-0.48,C
anomaly,G,1904-07-01,1904,7,Jul,-0.51,C
anomaly,G,1904-08-01,1904,8,Aug,-0.49,C
anomaly,G,1904-09-01,1904,9,Sep,-0.55,C
anomaly,G,1904-10-01,1904,10,Oct,-0.39,C
anomaly,G,1904-11-01,1904,11,Nov,-0.17,C
anomaly,G,1904-12-01,1904,12,Dec,-0.33,C
anomaly,G,1905-01-01,1905,1,Jan,-0.34,C
anomaly,G,1905-02-01,1905,2,Feb,-0.59,C
anomaly,G,1905-03-01,1905,3,Mar,-0.21,C
anomaly,G,1905-04-01,1905,4,Apr,-0.33,C
anomaly,G,1905-05-01,1905,5,May,-0.29,C
anomaly,G,1905-06-01,1905,6,Jun,-0.28,C
anomaly,G,1905-07-01,1905,7,Jul,-0.26,C
anomaly,G,1905-08-01,1905,8,Aug,-0.2,C
anomaly,G,1905-09-01,1905,9,Sep,-0.19,C
anomaly,G,1905-10-01,1905,10,Oct,-0.25,C
anomaly,G,1905-11-01,1905,11,Nov,-0.07,C
anomaly,G,1905-12-01,1905,12,Dec,-0.13,C
anomaly,G,1906-01-01,1906,1,Jan,-0.28,C
anomaly,G,1906-02-01,1906,2,Feb,-0.29,C
anomaly,G,1906-03-01,1906,3,Mar,-0.18,C
anomaly,G,1906-04-01,1906,4,Apr,-0.05,C
anomaly,G,1906-05-01,1906,5,May,-0.25,C
anomaly,G,1906-06-01,1906,6,Jun,-0.19,C
anomaly,G,1906-07-01,1906,7,Jul,-0.23,C
anomaly,G,1906-08-01,1906,8,Aug,-0.2,C
anomaly,G,1906-09-01,1906,9,Sep,-0.28,C
anomaly,G,1906-10-01,1906,10,Oct,-0.2,C
anomaly,G,1906-11-01,1906,11,Nov,-0.37,C
anomaly,G,1906-12-01,1906,12,Dec,-0.14,C
anomaly,G,1907-01-01,1907,1,Jan,-0.43,C
anomaly,G,1907-02-01,1907,2,Feb,-0.51,C
anomaly,G,1907-03-01,1907,3,Mar,-0.27,C
anomaly,G,1907-04-01,1907,4,Apr,-0.37,C
anomaly,G,1907-05-01,1907,5,May,-0.46,C
anomaly,G,1907-06-01,1907,6,Jun,-0.42,C
anomaly,G,1907-07-01,1907,7,Jul,-0.35,C
anomaly,G,1907-08-01,1907,8,Aug,-0.34,C
anomaly,G,1907-09-01,1907,9,Sep,-0.34,C
anomaly,G,1907-10-01,1907,10,Oct,-0.22,C
anomaly,G,1907-11-01,1907,11,Nov,-0.46,C
anomaly,G,1907-12-01,1907,12,Dec,-0.46,C
anomaly,G,1908-01-01,1908,1,Jan,-0.44,C
anomaly,G,1908-02-01,1908,2,Feb,-0.32,C
anomaly,G,1908-03-01,1908,3,Mar,-0.55,C
anomaly,G,1908-04-01,1908,4,Apr,-0.44,C
anomaly,G,1908-05-01,1908,5,May,-0.37,C
anomaly,G,1908-06-01,1908,6,Jun,-0.38,C
anomaly,G,1908-07-01,1908,7,Jul,-0.35,C
anomaly,G,1908-08-01,1908,8,Aug,-0.46,C
anomaly,G,1908-09-01,1908,9,Sep,-0.36,C
anomaly,G,1908-10-01,1908,10,Oct,-0.44,C
anomaly,G,1908-11-01,1908,11,Nov,-0.51,C
anomaly,G,1908-12-01,1908,12,Dec,-0.49,C
anomaly,G,1909-01-01,1909,1,Jan,-0.72,C
anomaly,G,1909-02-01,1909,2,Feb,-0.46,C
anomaly,G,1909-03-01,1909,3,Mar,-0.54,C
anomaly,G,1909-04-01,1909,4,Apr,-0.59,C
anomaly,G,1909-05-01,1909,5,May,-0.54,C
anomaly,G,1909-06-01,1909,6,Jun,-0.52,C
anomaly,G,1909-07-01,1909,7,Jul,-0.45,C
anomaly,G,1909-08-01,1909,8,Aug,-0.33,C
anomaly,G,1909-09-01,1909,9,Sep,-0.38,C
anomaly,G,1909-10-01,1909,10,Oct,-0.39,C
anomaly,G,1909-11-01,1909,11,Nov,-0.31,C
anomaly,G,1909-12-01,1909,12,Dec,-0.56,C
anomaly,G,1910-01-01,1910,1,Jan,-0.42,C
anomaly,G,1910-02-01,1910,2,Feb,-0.4,C
anomaly,G,1910-03-01,1910,3,Mar,-0.5,C
anomaly,G,1910-04-01,1910,4,Apr,-0.42,C
anomaly,G,1910-05-01,1910,5,May,-0.33,C
anomaly,G,1910-06-01,1910,6,Jun,-0.38,C
anomaly,G,1910-07-01,1910,7,Jul,-0.34,C
anomaly,G,1910-08-01,1910,8,Aug,-0.36,C
anomaly,G,1910-09-01,1910,9,Sep,-0.39,C
anomaly,G,1910-10-01,1910,10,Oct,-0.41,C
anomaly,G,1910-11-01,1910,11,Nov,-0.55,C
anomaly,G,1910-12-01,1910,12,Dec,-0.67,C
anomaly,G,1911-01-01,1911,1,Jan,-0.62,C
anomaly,G,1911-02-01,1911,2,Feb,-0.57,C
anomaly,G,1911-03-01,1911,3,Mar,-0.61,C
anomaly,G,1911-04-01,1911,4,Apr,-0.53,C
anomaly,G,1911-05-01,1911,5,May,-0.51,C
anomaly,G,1911-06-01,1911,6,Jun,-0.5,C
anomaly,G,1911-07-01,1911,7,Jul,-0.41,C
anomaly,G,1911-08-01,1911,8,Aug,-0.44,C
anomaly,G,1911-09-01,1911,9,Sep,-0.41,C
anomaly,G,1911-10-01,1911,10,Oct,-0.26,C
anomaly,G,1911-11-01,1911,11,Nov,-0.21,C
anomaly,G,1911-12-01,1911,12,Dec,-0.21,C
anomaly,G,1912-01-01,1912,1,Jan,-0.25,C
anomaly,G,1912-02-01,1912,2,Feb,-0.14,C
anomaly,G,1912-03-01,1912,3,Mar,-0.38,C
anomaly,G,1912-04-01,1912,4,Apr,-0.17,C
anomaly,G,1912-05-01,1912,5,May,-0.21,C
anomaly,G,1912-06-01,1912,6,Jun,-0.24,C
anomaly,G,1912-07-01,1912,7,Jul,-0.42,C
anomaly,G,1912-08-01,1912,8,Aug,-0.54,C
anomaly,G,1912-09-01,1912,9,Sep,-0.58,C
anomaly,G,1912-10-01,1912,10,Oct,-0.57,C
anomaly,G,1912-11-01,1912,11,Nov,-0.39,C
anomaly,G,1912-12-01,1912,12,Dec,-0.43,C
anomaly,G,1913-01-01,1913,1,Jan,-0.4,C
anomaly,G,1913-02-01,1913,2,Feb,-0.45,C
anomaly,G,1913-03-01,1913,3,Mar,-0.42,C
anomaly,G,1913-04-01,1913,4,Apr,-0.39,C
anomaly,G,1913-05-01,1913,5,May,-0.44,C
anomaly,G,1913-06-01,1913,6,Jun,-0.45,C
anomaly,G,1913-07-01,1913,7,Jul,-0.36,C
anomaly,G,1913-08-01,1913,8,Aug,-0.33,C
anomaly,G,1913-09-01,1913,9,Sep,-0.35,C
anomaly,G,1913-10-01,1913,10,Oct,-0.32,C
anomaly,G,1913-11-01,1913,11,Nov,-0.2,C
anomaly,G,1913-12-01,1913,12,Dec,-0.02,C
anomaly,G,1914-01-01,1914,1,Jan,0.05,C
anomaly,G,1914-02-01,1914,2,Feb,-0.09,C
anomaly,G,1914-03-01,1914,3,Mar,-0.24,C
anomaly,G,1914-04-01,1914,4,Apr,-0.29,C
anomaly,G,1914-05-01,1914,5,May,-0.21,C
anomaly,G,1914-06-01,1914,6,Jun,-0.25,C
anomaly,G,1914-07-01,1914,7,Jul,-0.23,C
anomaly,G,1914-08-01,1914,8,Aug,-0.16,C
anomaly,G,1914-09-01,1914,9,Sep,-0.16,C
anomaly,G,1914-10-01,1914,10,Oct,-0.03,C
anomaly,G,1914-11-01,1914,11,Nov,-0.15,C
anomaly,G,1914-12-01,1914,12,Dec,-0.04,C
anomaly,G,1915-01-01,1915,1,Jan,-0.2,C
anomaly,G,1915-02-01,1915,2,Feb,-0.04,C
anomaly,G,1915-03-01,1915,3,Mar,-0.1,C
anomaly,G,1915-04-01,1915,4,Apr,0.06,C
anomaly,G,1915-05-01,1915,5,May,-0.06,C
anomaly,G,1915-06-01,1915,6,Jun,-0.22,C
anomaly,G,1915-07-01,1915,7,Jul,-0.12,C
anomaly,G,1915-08-01,1915,8,Aug,-0.22,C
anomaly,G,1915-09-01,1915,9,Sep,-0.21,C
anomaly,G,1915-10-01,1915,10,Oct,-0.24,C
anomaly,G,1915-11-01,1915,11,Nov,-0.13,C
anomaly,G,1915-12-01,1915,12,Dec,-0.22,C
anomaly,G,1916-01-01,1916,1,Jan,-0.12,C
anomaly,G,1916-02-01,1916,2,Feb,-0.14,C
anomaly,G,1916-03-01,1916,3,Mar,-0.28,C
anomaly,G,1916-04-01,1916,4,Apr,-0.3,C
anomaly,G,1916-05-01,1916,5,May,-0.34,C
anomaly,G,1916-06-01,1916,6,Jun,-0.49,C
anomaly,G,1916-07-01,1916,7,Jul,-0.37,C
anomaly,G,1916-08-01,1916,8,Aug,-0.28,C
anomaly,G,1916-09-01,1916,9,Sep,-0.36,C
anomaly,G,1916-10-01,1916,10,Oct,-0.33,C
anomaly,G,1916-11-01,1916,11,Nov,-0.46,C
anomaly,G,1916-12-01,1916,12,Dec,-0.82,C
anomaly,G,1917-01-01,1917,1,Jan,-0.57,C
anomaly,G,1917-02-01,1917,2,Feb,-0.63,C
anomaly,G,1917-03-01,1917,3,Mar,-0.63,C
anomaly,G,1917-04-01,1917,4,Apr,-0.55,C
anomaly,G,1917-05-01,1917,5,May,-0.55,C
anomaly,G,1917-06-01,1917,6,Jun,-0.43,C
anomaly,G,1917-07-01,1917,7,Jul,-0.25,C
anomaly,G,1917-08-01,1917,8,Aug,-0.22,C
anomaly,G,1917-09-01,1917,9,Sep,-0.23,C
anomaly,G,1917-10-01,1917,10,Oct,-0.44,C
anomaly,G,1917-11-01,1917,11,Nov,-0.33,C
anomaly,G,1917-12-01,1917,12,Dec,-0.67,C
anomaly,G,1918-01-01,1918,1,Jan,-0.47,C
anomaly,G,1918-02-01,1918,2,Feb,-0.34,C
anomaly,G,1918-03-01,1918,3,Mar,-0.24,C
anomaly,G,1918-04-01,1918,4,Apr,-0.44,C
anomaly,G,1918-05-01,1918,5,May,-0.42,C
anomaly,G,1918-06-01,1918,6,Jun,-0.36,C
anomaly,G,1918-07-01,1918,7,Jul,-0.31,C
anomaly,G,1918-08-01,1918,8,Aug,-0.31,C
anomaly,G,1918-09-01,1918,9,Sep,-0.17,C
anomaly,G,1918-10-01,1918,10,Oct,-0.06,C
anomaly,G,1918-11-01,1918,11,Nov,-0.11,C
anomaly,G,1918-12-01,1918,12,Dec,-0.29,C
anomaly,G,1919-01-01,1919,1,Jan,-0.2,C
anomaly,G,1919-02-01,1919,2,Feb,-0.24,C
anomaly,G,1919-03-01,1919,3,Mar,-0.21,C
anomaly,G,1919-04-01,1919,4,Apr,-0.12,C
anomaly,G,1919-05-01,1919,5,May,-0.28,C
anomaly,G,1919-06-01,1919,6,Jun,-0.36,C
anomaly,G,1919-07-01,1919,7,Jul,-0.29,C
anomaly,G,1919-08-01,1919,8,Aug,-0.33,C
anomaly,G,1919-09-01,1919,9,Sep,-0.25,C
anomaly,G,1919-10-01,1919,10,Oct,-0.2,C
anomaly,G,1919-11-01,1919,11,Nov,-0.41,C
anomaly,G,1919-12-01,1919,12,Dec,-0.42,C
anomaly,G,1920-01-01,1920,1,Jan,-0.24,C
anomaly,G,1920-02-01,1920,2,Feb,-0.26,C
anomaly,G,1920-03-01,1920,3,Mar,-0.12,C
anomaly,G,1920-04-01,1920,4,Apr,-0.24,C
anomaly,G,1920-05-01,1920,5,May,-0.27,C
anomaly,G,1920-06-01,1920,6,Jun,-0.36,C
anomaly,G,1920-07-01,1920,7,Jul,-0.3,C
anomaly,G,1920-08-01,1920,8,Aug,-0.26,C
anomaly,G,1920-09-01,1920,9,Sep,-0.22,C
anomaly,G,1920-10-01,1920,10,Oct,-0.26,C
anomaly,G,1920-11-01,1920,11,Nov,-0.27,C
anomaly,G,1920-12-01,1920,12,Dec,-0.46,C
anomaly,G,1921-01-01,1921,1,Jan,-0.04,C
anomaly,G,1921-02-01,1921,2,Feb,-0.17,C
anomaly,G,1921-03-01,1921,3,Mar,-0.23,C
anomaly,G,1921-04-01,1921,4,Apr,-0.3,C
anomaly,G,1921-05-01,1921,5,May,-0.3,C
anomaly,G,1921-06-01,1921,6,Jun,-0.27,C
anomaly,G,1921-07-01,1921,7,Jul,-0.14,C
anomaly,G,1921-08-01,1921,8,Aug,-0.26,C
anomaly,G,1921-09-01,1921,9,Sep,-0.19,C
anomaly,G,1921-10-01,1921,10,Oct,-0.03,C
anomaly,G,1921-11-01,1921,11,Nov,-0.14,C
anomaly,G,1921-12-01,1921,12,Dec,-0.17,C
anomaly,G,1922-01-01,1922,1,Jan,-0.33,C
anomaly,G,1922-02-01,1922,2,Feb,-0.44,C
anomaly,G,1922-03-01,1922,3,Mar,-0.15,C
anomaly,G,1922-04-01,1922,4,Apr,-0.23,C
anomaly,G,1922-05-01,1922,5,May,-0.33,C
anomaly,G,1922-06-01,1922,6,Jun,-0.31,C
anomaly,G,1922-07-01,1922,7,Jul,-0.27,C
anomaly,G,1922-08-01,1922,8,Aug,-0.32,C
anomaly,G,1922-09-01,1922,9,Sep,-0.36,C
anomaly,G,1922-10-01,1922,10,Oct,-0.32,C
anomaly,G,1922-11-01,1922,11,Nov,-0.14,C
anomaly,G,1922-12-01,1922,12,Dec,-0.19,C
anomaly,G,1923-01-01,1923,1,Jan,-0.27,C
anomaly,G,1923-02-01,1923,2,Feb,-0.39,C
anomaly,G,1923-03-01,1923,3,Mar,-0.33,C
anomaly,G,1923-04-01,1923,4,Apr,-0.4,C
anomaly,G,1923-05-01,1923,5,May,-0.33,C
anomaly,G,1923-06-01,1923,6,Jun,-0.29,C
anomaly,G,1923-07-01,1923,7,Jul,-0.3,C
anomaly,G,1923-08-01,1923,8,Aug,-0.33,C
anomaly,G,1923-09-01,1923,9,Sep,-0.31,C
anomaly,G,1923-10-01,1923,10,Oct,-0.13,C
anomaly,G,1923-11-01,1923,11,Nov,-0.02,C
anomaly,G,1923-12-01,1923,12,Dec,-0.04,C
anomaly,G,1924-01-01,1924,1,Jan,-0.23,C
anomaly,G,1924-02-01,1924,2,Feb,-0.24,C
anomaly,G,1924-03-01,1924,3,Mar,-0.08,C
anomaly,G,1924-04-01,1924,4,Apr,-0.31,C
anomaly,G,1924-05-01,1924,5,May,-0.18,C
anomaly,G,1924-06-01,1924,6,Jun,-0.26,C
anomaly,G,1924-07-01,1924,7,Jul,-0.29,C
anomaly,G,1924-08-01,1924,8,Aug,-0.36,C
anomaly,G,1924-09-01,1924,9,Sep,-0.32,C
anomaly,G,1924-10-01,1924,10,Oct,-0.35,C
anomaly,G,1924-11-01,1924,11,Nov,-0.21,C
anomaly,G,1924-12-01,1924,12,Dec,-0.43,C
anomaly,G,1925-01-01,1925,1,Jan,-0.38,C
anomaly,G,1925-02-01,1925,2,Feb,-0.4,C
anomaly,G,1925-03-01,1925,3,Mar,-0.28,C
anomaly,G,1925-04-01,1925,4,Apr,-0.26,C
anomaly,G,1925-05-01,1925,5,May,-0.29,C
anomaly,G,1925-06-01,1925,6,Jun,-0.32,C
anomaly,G,1925-07-01,1925,7,Jul,-0.27,C
anomaly,G,1925-08-01,1925,8,Aug,-0.2,C
anomaly,G,1925-09-01,1925,9,Sep,-0.2,C
anomaly,G,1925-10-01,1925,10,Oct,-0.17,C
anomaly,G,1925-11-01,1925,11,Nov,0.05,C
anomaly,G,1925-12-01,1925,12,Dec,0.06,C
anomaly,G,1926-01-01,1926,1,Jan,0.2,C
anomaly,G,1926-02-01,1926,2,Feb,0.03,C
anomaly,G,1926-03-01,1926,3,Mar,0.11,C
anomaly,G,1926-04-01,1926,4,Apr,-0.12,C
anomaly,G,1926-05-01,1926,5,May,-0.23,C
anomaly,G,1926-06-01,1926,6,Jun,-0.26,C
anomaly,G,1926-07-01,1926,7,Jul,-0.27,C
anomaly,G,1926-08-01,1926,8,Aug,-0.13,C
anomaly,G,1926-09-01,1926,9,Sep,-0.14,C
anomaly,G,1926-10-01,1926,10,Oct,-0.11,C
anomaly,G,1926-11-01,1926,11,Nov,-0.07,C
anomaly,G,1926-12-01,1926,12,Dec,-0.29,C
anomaly,G,1927-01-01,1927,1,Jan,-0.27,C
anomaly,G,1927-02-01,1927,2,Feb,-0.18,C
anomaly,G,1927-03-01,1927,3,Mar,-0.38,C
anomaly,G,1927-04-01,1927,4,Apr,-0.3,C
anomaly,G,1927-05-01,1927,5,May,-0.25,C
anomaly,G,1927-06-01,1927,6,Jun,-0.28,C
anomaly,G,1927-07-01,1927,7,Jul,-0.18,C
anomaly,G,1927-08-01,1927,8,Aug,-0.24,C
anomaly,G,1927-09-01,1927,9,Sep,-0.13,C
anomaly,G,1927-10-01,1927,10,Oct,-0.01,C
anomaly,G,1927-11-01,1927,11,Nov,-0.05,C
anomaly,G,1927-12-01,1927,12,Dec,-0.33,C
anomaly,G,1928-01-01,1928,1,Jan,-0.02,C
anomaly,G,1928-02-01,1928,2,Feb,-0.09,C
anomaly,G,1928-03-01,1928,3,Mar,-0.25,C
anomaly,G,1928-04-01,1928,4,Apr,-0.27,C
anomaly,G,1928-05-01,1928,5,May,-0.3,C
anomaly,G,1928-06-01,1928,6,Jun,-0.39,C
anomaly,G,1928-07-01,1928,7,Jul,-0.19,C
anomaly,G,1928-08-01,1928,8,Aug,-0.22,C
anomaly,G,1928-09-01,1928,9,Sep,-0.21,C
anomaly,G,1928-10-01,1928,10,Oct,-0.18,C
anomaly,G,1928-11-01,1928,11,Nov,-0.09,C
anomaly,G,1928-12-01,1928,12,Dec,-0.16,C
anomaly,G,1929-01-01,1929,1,Jan,-0.45,C
anomaly,G,1929-02-01,1929,2,Feb,-0.58,C
anomaly,G,1929-03-01,1929,3,Mar,-0.32,C
anomaly,G,1929-04-01,1929,4,Apr,-0.41,C
anomaly,G,1929-05-01,1929,5,May,-0.38,C
anomaly,G,1929-06-01,1929,6,Jun,-0.44,C
anomaly,G,1929-07-01,1929,7,Jul,-0.37,C
anomaly,G,1929-08-01,1929,8,Aug,-0.32,C
anomaly,G,1929-09-01,1929,9,Sep,-0.25,C
anomaly,G,1929-10-01,1929,10,Oct,-0.14,C
anomaly,G,1929-11-01,1929,11,Nov,-0.11,C
anomaly,G,1929-12-01,1929,12,Dec,-0.54,C
anomaly,G,1930-01-01,1930,1,Jan,-0.29,C
anomaly,G,1930-02-01,1930,2,Feb,-0.26,C
anomaly,G,1930-03-01,1930,3,Mar,-0.11,C
anomaly,G,1930-04-01,1930,4,Apr,-0.25,C
anomaly,G,1930-05-01,1930,5,May,-0.24,C
anomaly,G,1930-06-01,1930,6,Jun,-0.22,C
anomaly,G,1930-07-01,1930,7,Jul,-0.21,C
anomaly,G,1930-08-01,1930,8,Aug,-0.15,C
anomaly,G,1930-09-01,1930,9,Sep,-0.15,C
anomaly,G,1930-10-01,1930,10,Oct,-0.12,C
anomaly,G,1930-11-01,1930,11,Nov,0.18,C
anomaly,G,1930-12-01,1930,12,Dec,-0.05,C
anomaly,G,1931-01-01,1931,1,Jan,-0.1,C
anomaly,G,1931-02-01,1931,2,Feb,-0.2,C
anomaly,G,1931-03-01,1931,3,Mar,-0.1,C
anomaly,G,1931-04-01,1931,4,Apr,-0.22,C
anomaly,G,1931-05-01,1931,5,May,-0.19,C
anomaly,G,1931-06-01,1931,6,Jun,-0.08,C
anomaly,G,1931-07-01,1931,7,Jul,-0.03,C
anomaly,G,1931-08-01,1931,8,Aug,-0.03,C
anomaly,G,1931-09-01,1931,9,Sep,-0.07,C
anomaly,G,1931-10-01,1931,10,Oct,0.05,C
anomaly,G,1931-11-01,1931,11,Nov,-0.06,C
anomaly,G,1931-12-01,1931,12,Dec,-0.05,C
anomaly,G,1932-01-01,1932,1,Jan,0.16,C
anomaly,G,1932-02-01,1932,2,Feb,-0.16,C
anomaly,G,1932-03-01,1932,3,Mar,-0.17,C
anomaly,G,1932-04-01,1932,4,Apr,-0.05,C
anomaly,G,1932-05-01,1932,5,May,-0.17,C
anomaly,G,1932-06-01,1932,6,Jun,-0.28,C
anomaly,G,1932-07-01,1932,7,Jul,-0.24,C
anomaly,G,1932-08-01,1932,8,Aug,-0.22,C
anomaly,G,1932-09-01,1932,9,Sep,-0.1,C
anomaly,G,1932-10-01,1932,10,Oct,-0.08,C
anomaly,G,1932-11-01,1932,11,Nov,-0.27,C
anomaly,G,1932-12-01,1932,12,Dec,-0.25,C
anomaly,G,1933-01-01,1933,1,Jan,-0.23,C
anomaly,G,1933-02-01,1933,2,Feb,-0.29,C
anomaly,G,1933-03-01,1933,3,Mar,-0.29,C
anomaly,G,1933-04-01,1933,4,Apr,-0.24,C
anomaly,G,1933-05-01,1933,5,May,-0.28,C
anomaly,G,1933-06-01,1933,6,Jun,-0.34,C
anomaly,G,1933-07-01,1933,7,Jul,-0.21,C
anomaly,G,1933-08-01,1933,8,Aug,-0.23,C
anomaly,G,1933-09-01,1933,9,Sep,-0.29,C
anomaly,G,1933-10-01,1933,10,Oct,-0.25,C
anomaly,G,1933-11-01,1933,11,Nov,-0.3,C
anomaly,G,1933-12-01,1933,12,Dec,-0.44,C
anomaly,G,1934-01-01,1934,1,Jan,-0.21,C
anomaly,G,1934-02-01,1934,2,Feb,-0.02,C
anomaly,G,1934-03-01,1934,3,Mar,-0.29,C
anomaly,G,1934-04-01,1934,4,Apr,-0.31,C
anomaly,G,1934-05-01,1934,5,May,-0.09,C
anomaly,G,1934-06-01,1934,6,Jun,-0.15,C
anomaly,G,1934-07-01,1934,7,Jul,-0.1,C
anomaly,G,1934-08-01,1934,8,Aug,-0.12,C
anomaly,G,1934-09-01,1934,9,Sep,-0.15,C
anomaly,G,1934-10-01,1934,10,Oct,-0.06,C
anomaly,G,1934-11-01,1934,11,Nov,0.04,C
anomaly,G,1934-12-01,1934,12,Dec,-0.02,C
anomaly,G,1935-01-01,1935,1,Jan,-0.33,C
anomaly,G,1935-02-01,1935,2,Feb,0.14,C
anomaly,G,1935-03-01,1935,3,Mar,-0.14,C
anomaly,G,1935-04-01,1935,4,Apr,-0.36,C
anomaly,G,1935-05-01,1935,5,May,-0.28,C
anomaly,G,1935-06-01,1935,6,Jun,-0.26,C
anomaly,G,1935-07-01,1935,7,Jul,-0.21,C
anomaly,G,1935-08-01,1935,8,Aug,-0.21,C
anomaly,G,1935-09-01,1935,9,Sep,-0.21,C
anomaly,G,1935-10-01,1935,10,Oct,-0.05,C
anomaly,G,1935-11-01,1935,11,Nov,-0.25,C
anomaly,G,1935-12-01,1935,12,Dec,-0.16,C
anomaly,G,1936-01-01,1936,1,Jan,-0.27,C
anomaly,G,1936-02-01,1936,2,Feb,-0.37,C
anomaly,G,1936-03-01,1936,3,Mar,-0.2,C
anomaly,G,1936-04-01,1936,4,Apr,-0.2,C
anomaly,G,1936-05-01,1936,5,May,-0.16,C
anomaly,G,1936-06-01,1936,6,Jun,-0.21,C
anomaly,G,1936-07-01,1936,7,Jul,-0.09,C
anomaly,G,1936-08-01,1936,8,Aug,-0.13,C
anomaly,G,1936-09-01,1936,9,Sep,-0.08,C
anomaly,G,1936-10-01,1936,10,Oct,-0.02,C
anomaly,G,1936-11-01,1936,11,Nov,0.02,C
anomaly,G,1936-12-01,1936,12,Dec,0.0,C
anomaly,G,1937-01-01,1937,1,Jan,-0.06,C
anomaly,G,1937-02-01,1937,2,Feb,0.03,C
anomaly,G,1937-03-01,1937,3,Mar,-0.2,C
anomaly,G,1937-04-01,1937,4,Apr,-0.15,C
anomaly,G,1937-05-01,1937,5,May,-0.05,C
anomaly,G,1937-06-01,1937,6,Jun,-0.05,C
anomaly,G,1937-07-01,1937,7,Jul,-0.03,C
anomaly,G,1937-08-01,1937,8,Aug,0.02,C
anomaly,G,1937-09-01,1937,9,Sep,0.09,C
anomaly,G,1937-10-01,1937,10,Oct,0.09,C
anomaly,G,1937-11-01,1937,11,Nov,0.09,C
anomaly,G,1937-12-01,1937,12,Dec,-0.06,C
anomaly,G,1938-01-01,1938,1,Jan,0.09,C
anomaly,G,1938-02-01,1938,2,Feb,0.04,C
anomaly,G,1938-03-01,1938,3,Mar,0.1,C
anomaly,G,1938-04-01,1938,4,Apr,0.06,C
anomaly,G,1938-05-01,1938,5,May,-0.09,C
anomaly,G,1938-06-01,1938,6,Jun,-0.16,C
anomaly,G,1938-07-01,1938,7,Jul,-0.09,C
anomaly,G,1938-08-01,1938,8,Aug,-0.05,C
anomaly,G,1938-09-01,1938,9,Sep,0.01,C
anomaly,G,1938-10-01,1938,10,Oct,0.15,C
anomaly,G,1938-11-01,1938,11,Nov,0.08,C
anomaly,G,1938-12-01,1938,12,Dec,-0.12,C
anomaly,G,1939-01-01,1939,1,Jan,-0.04,C
anomaly,G,1939-02-01,1939,2,Feb,-0.06,C
anomaly,G,1939-03-01,1939,3,Mar,-0.17,C
anomaly,G,1939-04-01,1939,4,Apr,-0.09,C
anomaly,G,1939-05-01,1939,5,May,-0.04,C
anomaly,G,1939-06-01,1939,6,Jun,-0.06,C
anomaly,G,1939-07-01,1939,7,Jul,-0.05,C
anomaly,G,1939-08-01,1939,8,Aug,-0.06,C
anomaly,G,1939-09-01,1939,9,Sep,-0.07,C
anomaly,G,1939-10-01,1939,10,Oct,-0.03,C
anomaly,G,1939-11-01,1939,11,Nov,0.07,C
anomaly,G,1939-12-01,1939,12,Dec,0.44,C
anomaly,G,1940-01-01,1940,1,Jan,0.0,C
anomaly,G,1940-02-01,1940,2,Feb,0.08,C
anomaly,G,1940-03-01,1940,3,Mar,0.1,C
anomaly,G,1940-04-01,1940,4,Apr,0.18,C
anomaly,G,1940-05-01,1940,5,May,0.12,C
anomaly,G,1940-06-01,1940,6,Jun,0.12,C
anomaly,G,1940-07-01,1940,7,Jul,0.13,C
anomaly,G,1940-08-01,1940,8,Aug,0.07,C
anomaly,G,1940-09-01,1940,9,Sep,0.16,C
anomaly,G,1940-10-01,1940,10,Oct,0.12,C
anomaly,G,1940-11-01,1940,11,Nov,0.17,C
anomaly,G,1940-12-01,1940,12,Dec,0.32,C
anomaly,G,1941-01-01,1941,1,Jan,0.18,C
anomaly,G,1941-02-01,1941,2,Feb,0.31,C
anomaly,G,1941-03-01,1941,3,Mar,0.1,C
anomaly,G,1941-04-01,1941,4,Apr,0.17,C
anomaly,G,1941-05-01,1941,5,May,0.17,C
anomaly,G,1941-06-01,1941,6,Jun,0.13,C
anomaly,G,1941-07-01,1941,7,Jul,0.22,C
anomaly,G,1941-08-01,1941,8,Aug,0.15,C
anomaly,G,1941-09-01,1941,9,Sep,0.02,C
anomaly,G,1941-10-01,1941,10,Oct,0.35,C
anomaly,G,1941-11-01,1941,11,Nov,0.23,C
anomaly,G,1941-12-01,1941,12,Dec,0.22,C
anomaly,G,1942-01-01,1942,1,Jan,0.3,C
anomaly,G,1942-02-01,1942,2,Feb,0.03,C
anomaly,G,1942-03-01,1942,3,Mar,0.06,C
anomaly,G,1942-04-01,1942,4,Apr,0.1,C
anomaly,G,1942-05-01,1942,5,May,0.11,C
anomaly,G,1942-06-01,1942,6,Jun,0.05,C
anomaly,G,1942-07-01,1942,7,Jul,0.01,C
anomaly,G,1942-08-01,1942,8,Aug,-0.03,C
anomaly,G,1942-09-01,1942,9,Sep,-0.03,C
anomaly,G,1942-10-01,1942,10,Oct,0.02,C
anomaly,G,1942-11-01,1942,11,Nov,0.1,C
anomaly,G,1942-12-01,1942,12,Dec,0.13,C
anomaly,G,1943-01-01,1943,1,Jan,-0.01,C
anomaly,G,1943-02-01,1943,2,Feb,0.18,C
anomaly,G,1943-03-01,1943,3,Mar,-0.03,C
anomaly,G,1943-04-01,1943,4,Apr,0.11,C
anomaly,G,1943-05-01,1943,5,May,0.07,C
anomaly,G,1943-06-01,1943,6,Jun,-0.05,C
anomaly,G,1943-07-01,1943,7,Jul,0.09,C
anomaly,G,1943-08-01,1943,8,Aug,0.01,C
anomaly,G,1943-09-01,1943,9,Sep,0.06,C
anomaly,G,1943-10-01,1943,10,Oct,0.24,C
anomaly,G,1943-11-01,1943,11,Nov,0.2,C
anomaly,G,1943-12-01,1943,12,Dec,0.24,C
anomaly,G,1944-01-01,1944,1,Jan,0.36,C
anomaly,G,1944-02-01,1944,2,Feb,0.25,C
anomaly,G,1944-03-01,1944,3,Mar,0.27,C
anomaly,G,1944-04-01,1944,4,Apr,0.2,C
anomaly,G,1944-05-01,1944,5,May,0.19,C
anomaly,G,1944-06-01,1944,6,Jun,0.16,C
anomaly,G,1944-07-01,1944,7,Jul,0.18,C
anomaly,G,1944-08-01,1944,8,Aug,0.18,C
anomaly,G,1944-09-01,1944,9,Sep,0.28,C
anomaly,G,1944-10-01,1944,10,Oct,0.27,C
anomaly,G,1944-11-01,1944,11,Nov,0.11,C
anomaly,G,1944-12-01,1944,12,Dec,0.04,C
anomaly,G,1945-01-01,1945,1,Jan,0.1,C
anomaly,G,1945-02-01,1945,2,Feb,0.01,C
anomaly,G,1945-03-01,1945,3,Mar,0.06,C
anomaly,G,1945-04-01,1945,4,Apr,0.19,C
anomaly,G,1945-05-01,1945,5,May,0.06,C
anomaly,G,1945-06-01,1945,6,Jun,0.01,C
anomaly,G,1945-07-01,1945,7,Jul,0.04,C
anomaly,G,1945-08-01,1945,8,Aug,0.26,C
anomaly,G,1945-09-01,1945,9,Sep,0.2,C
anomaly,G,1945-10-01,1945,10,Oct,0.19,C
anomaly,G,1945-11-01,1945,11,Nov,0.07,C
anomaly,G,1945-12-01,1945,12,Dec,-0.07,C
anomaly,G,1946-01-01,1946,1,Jan,0.15,C
anomaly,G,1946-02-01,1946,2,Feb,0.03,C
anomaly,G,1946-03-01,1946,3,Mar,0.02,C
anomaly,G,1946-04-01,1946,4,Apr,0.06,C
anomaly,G,1946-05-01,1946,5,May,-0.07,C
anomaly,G,1946-06-01,1946,6,Jun,-0.21,C
anomaly,G,1946-07-01,1946,7,Jul,-0.12,C
anomaly,G,1946-08-01,1946,8,Aug,-0.2,C
anomaly,G,1946-09-01,1946,9,Sep,-0.08,C
anomaly,G,1946-10-01,1946,10,Oct,-0.07,C
anomaly,G,1946-11-01,1946,11,Nov,-0.05,C
anomaly,G,1946-12-01,1946,12,Dec,-0.31,C
anomaly,G,1947-01-01,1947,1,Jan,-0.06,C
anomaly,G,1947-02-01,1947,2,Feb,-0.07,C
anomaly,G,1947-03-01,1947,3,Mar,0.07,C
anomaly,G,1947-04-01,1947,4,Apr,0.06,C
anomaly,G,1947-05-01,1947,5,May,-0.02,C
anomaly,G,1947-06-01,1947,6,Jun,-0.01,C
anomaly,G,1947-07-01,1947,7,Jul,-0.04,C
anomaly,G,1947-08-01,1947,8,Aug,-0.07,C
anomaly,G,1947-09-01,1947,9,Sep,-0.12,C
anomaly,G,1947-10-01,1947,10,Oct,0.07,C
anomaly,G,1947-11-01,1947,11,Nov,0.03,C
anomaly,G,1947-12-01,1947,12,Dec,-0.13,C
anomaly,G,1948-01-01,1948,1,Jan,0.07,C
anomaly,G,1948-02-01,1948,2,Feb,-0.14,C
anomaly,G,1948-03-01,1948,3,Mar,-0.24,C
anomaly,G,1948-04-01,1948,4,Apr,-0.12,C
anomaly,G,1948-05-01,1948,5,May,0.0,C
anomaly,G,1948-06-01,1948,6,Jun,-0.05,C
anomaly,G,1948-07-01,1948,7,Jul,-0.11,C
anomaly,G,1948-08-01,1948,8,Aug,-0.11,C
anomaly,G,1948-09-01,1948,9,Sep,-0.14,C
anomaly,G,1948-10-01,1948,10,Oct,-0.05,C
anomaly,G,1948-11-01,1948,11,Nov,-0.12,C
anomaly,G,1948-12-01,1948,12,Dec,-0.23,C
anomaly,G,1949-01-01,1949,1,Jan,0.07,C
anomaly,G,1949-02-01,1949,2,Feb,-0.14,C
anomaly,G,1949-03-01,1949,3,Mar,-0.02,C
anomaly,G,1949-04-01,1949,4,Apr,-0.11,C
anomaly,G,1949-05-01,1949,5,May,-0.1,C
anomaly,G,1949-06-01,1949,6,Jun,-0.27,C
anomaly,G,1949-07-01,1949,7,Jul,-0.13,C
anomaly,G,1949-08-01,1949,8,Aug,-0.12,C
anomaly,G,1949-09-01,1949,9,Sep,-0.14,C
anomaly,G,1949-10-01,1949,10,Oct,-0.06,C
anomaly,G,1949-11-01,1949,11,Nov,-0.1,C
anomaly,G,1949-12-01,1949,12,Dec,-0.18,C
anomaly,G,1950-01-01,1950,1,Jan,-0.26,C
anomaly,G,1950-02-01,1950,2,Feb,-0.26,C
anomaly,G,1950-03-01,1950,3,Mar,-0.07,C
anomaly,G,1950-04-01,1950,4,Apr,-0.21,C
anomaly,G,1950-05-01,1950,5,May,-0.11,C
anomaly,G,1950-06-01,1950,6,Jun,-0.05,C
anomaly,G,1950-07-01,1950,7,Jul,-0.08,C
anomaly,G,1950-08-01,1950,8,Aug,-0.16,C
anomaly,G,1950-09-01,1950,9,Sep,-0.11,C
anomaly,G,1950-10-01,1950,10,Oct,-0.2,C
anomaly,G,1950-11-01,1950,11,Nov,-0.34,C
anomaly,G,1950-12-01,1950,12,Dec,-0.21,C
anomaly,G,1951-01-01,1951,1,Jan,-0.34,C
anomaly,G,1951-02-01,1951,2,Feb,-0.41,C
anomaly,G,1951-03-01,1951,3,Mar,-0.2,C
anomaly,G,1951-04-01,1951,4,Apr,-0.14,C
anomaly,G,1951-05-01,1951,5,May,0.0,C
anomaly,G,1951-06-01,1951,6,Jun,-0.06,C
anomaly,G,1951-07-01,1951,7,Jul,-0.01,C
anomaly,G,1951-08-01,1951,8,Aug,0.06,C
anomaly,G,1951-09-01,1951,9,Sep,0.05,C
anomaly,G,1951-10-01,1951,10,Oct,0.08,C
anomaly,G,1951-11-01,1951,11,Nov,-0.01,C
anomaly,G,1951-12-01,1951,12,Dec,0.16,C
anomaly,G,1952-01-01,1952,1,Jan,0.11,C
anomaly,G,1952-02-01,1952,2,Feb,0.11,C
anomaly,G,1952-03-01,1952,3,Mar,-0.08,C
anomaly,G,1952-04-01,1952,4,Apr,0.03,C
anomaly,G,1952-05-01,1952,5,May,-0.03,C
anomaly,G,1952-06-01,1952,6,Jun,-0.03,C
anomaly,G,1952-07-01,1952,7,Jul,0.04,C
anomaly,G,1952-08-01,1952,8,Aug,0.05,C
anomaly,G,1952-09-01,1952,9,Sep,0.07,C
anomaly,G,1952-10-01,1952,10,Oct,0.0,C
anomaly,G,1952-11-01,1952,11,Nov,-0.13,C
anomaly,G,1952-12-01,1952,12,Dec,-0.02,C
anomaly,G,1953-01-01,1953,1,Jan,0.07,C
anomaly,G,1953-02-01,1953,2,Feb,0.15,C
anomaly,G,1953-03-01,1953,3,Mar,0.11,C
anomaly,G,1953-04-01,1953,4,Apr,0.19,C
anomaly,G,1953-05-01,1953,5,May,0.12,C
anomaly,G,1953-06-01,1953,6,Jun,0.12,C
anomaly,G,1953-07-01,1953,7,Jul,0.01,C
anomaly,G,1953-08-01,1953,8,Aug,0.05,C
anomaly,G,1953-09-01,1953,9,Sep,0.04,C
anomaly,G,1953-10-01,1953,10,Oct,0.08,C
anomaly,G,1953-11-01,1953,11,Nov,-0.03,C
anomaly,G,1953-12-01,1953,12,Dec,0.05,C
anomaly,G,1954-01-01,1954,1,Jan,-0.24,C
anomaly,G,1954-02-01,1954,2,Feb,-0.1,C
anomaly,G,1954-03-01,1954,3,Mar,-0.14,C
anomaly,G,1954-04-01,1954,4,Apr,-0.14,C
anomaly,G,1954-05-01,1954,5,May,-0.2,C
anomaly,G,1954-06-01,1954,6,Jun,-0.18,C
anomaly,G,1954-07-01,1954,7,Jul,-0.19,C
anomaly,G,1954-08-01,1954,8,Aug,-0.17,C
anomaly,G,1954-09-01,1954,9,Sep,-0.1,C
anomaly,G,1954-10-01,1954,10,Oct,-0.02,C
anomaly,G,1954-11-01,1954,11,Nov,0.08,C
anomaly,G,1954-12-01,1954,12,Dec,-0.18,C
anomaly,G,1955-01-01,1955,1,Jan,0.13,C
anomaly,G,1955-02-01,1955,2,Feb,-0.16,C
anomaly,G,1955-03-01,1955,3,Mar,-0.32,C
anomaly,G,1955-04-01,1955,4,Apr,-0.22,C
anomaly,G,1955-05-01,1955,5,May,-0.2,C
anomaly,G,1955-06-01,1955,6,Jun,-0.14,C
anomaly,G,1955-07-01,1955,7,Jul,-0.11,C
anomaly,G,1955-08-01,1955,8,Aug,0.02,C
anomaly,G,1955-09-01,1955,9,Sep,-0.11,C
anomaly,G,1955-10-01,1955,10,Oct,-0.05,C
anomaly,G,1955-11-01,1955,11,Nov,-0.25,C
anomaly,G,1955-12-01,1955,12,Dec,-0.28,C
anomaly,G,1956-01-01,1956,1,Jan,-0.12,C
anomaly,G,1956-02-01,1956,2,Feb,-0.24,C
anomaly,G,1956-03-01,1956,3,Mar,-0.21,C
anomaly,G,1956-04-01,1956,4,Apr,-0.28,C
anomaly,G,1956-05-01,1956,5,May,-0.29,C
anomaly,G,1956-06-01,1956,6,Jun,-0.16,C
anomaly,G,1956-07-01,1956,7,Jul,-0.09,C
anomaly,G,1956-08-01,1956,8,Aug,-0.26,C
anomaly,G,1956-09-01,1956,9,Sep,-0.19,C
anomaly,G,1956-10-01,1956,10,Oct,-0.23,C
anomaly,G,1956-11-01,1956,11,Nov,-0.15,C
anomaly,G,1956-12-01,1956,12,Dec,-0.06,C
anomaly,G,1957-01-01,1957,1,Jan,-0.09,C
anomaly,G,1957-02-01,1957,2,Feb,-0.03,C
anomaly,G,1957-03-01,1957,3,Mar,-0.05,C
anomaly,G,1957-04-01,1957,4,Apr,0.0,C
anomaly,G,1957-05-01,1957,5,May,0.09,C
anomaly,G,1957-06-01,1957,6,Jun,0.16,C
anomaly,G,1957-07-01,1957,7,Jul,0.02,C
anomaly,G,1957-08-01,1957,8,Aug,0.15,C
anomaly,G,1957-09-01,1957,9,Sep,0.09,C
anomaly,G,1957-10-01,1957,10,Oct,0.01,C
anomaly,G,1957-11-01,1957,11,Nov,0.08,C
anomaly,G,1957-12-01,1957,12,Dec,0.15,C
anomaly,G,1958-01-01,1958,1,Jan,0.39,C
anomaly,G,1958-02-01,1958,2,Feb,0.22,C
anomaly,G,1958-03-01,1958,3,Mar,0.08,C
anomaly,G,1958-04-01,1958,4,Apr,0.01,C
anomaly,G,1958-05-01,1958,5,May,0.06,C
anomaly,G,1958-06-01,1958,6,Jun,-0.08,C
anomaly,G,1958-07-01,1958,7,Jul,0.05,C
anomaly,G,1958-08-01,1958,8,Aug,-0.05,C
anomaly,G,1958-09-01,1958,9,Sep,-0.02,C
anomaly,G,1958-10-01,1958,10,Oct,0.04,C
anomaly,G,1958-11-01,1958,11,Nov,0.02,C
anomaly,G,1958-12-01,1958,12,Dec,0.01,C
anomaly,G,1959-01-01,1959,1,Jan,0.08,C
anomaly,G,1959-02-01,1959,2,Feb,0.07,C
anomaly,G,1959-03-01,1959,3,Mar,0.18,C
anomaly,G,1959-04-01,1959,4,Apr,0.16,C
anomaly,G,1959-05-01,1959,5,May,0.04,C
anomaly,G,1959-06-01,1959,6,Jun,0.03,C
anomaly,G,1959-07-01,1959,7,Jul,0.03,C
anomaly,G,1959-08-01,1959,8,Aug,-0.01,C
anomaly,G,1959-09-01,1959,9,Sep,-0.06,C
anomaly,G,1959-10-01,1959,10,Oct,-0.07,C
anomaly,G,1959-11-01,1959,11,Nov,-0.08,C
anomaly,G,1959-12-01,1959,12,Dec,-0.01,C
anomaly,G,1960-01-01,1960,1,Jan,0.0,C
anomaly,G,1960-02-01,1960,2,Feb,0.13,C
anomaly,G,1960-03-01,1960,3,Mar,-0.35,C
anomaly,G,1960-04-01,1960,4,Apr,-0.15,C
anomaly,G,1960-05-01,1960,5,May,-0.08,C
anomaly,G,1960-06-01,1960,6,Jun,-0.04,C
anomaly,G,1960-07-01,1960,7,Jul,-0.04,C
anomaly,G,1960-08-01,1960,8,Aug,0.02,C
anomaly,G,1960-09-01,1960,9,Sep,0.07,C
anomaly,G,1960-10-01,1960,10,Oct,0.06,C
anomaly,G,1960-11-01,1960,11,Nov,-0.11,C
anomaly,G,1960-12-01,1960,12,Dec,0.19,C
anomaly,G,1961-01-01,1961,1,Jan,0.07,C
anomaly,G,1961-02-01,1961,2,Feb,0.19,C
anomaly,G,1961-03-01,1961,3,Mar,0.09,C
anomaly,G,1961-04-01,1961,4,Apr,0.13,C
anomaly,G,1961-05-01,1961,5,May,0.12,C
anomaly,G,1961-06-01,1961,6,Jun,0.11,C
anomaly,G,1961-07-01,1961,7,Jul,0.01,C
anomaly,G,1961-08-01,1961,8,Aug,0.01,C
anomaly,G,1961-09-01,1961,9,Sep,0.09,C
anomaly,G,1961-10-01,1961,10,Oct,0.0,C
anomaly,G,1961-11-01,1961,11,Nov,0.03,C
anomaly,G,1961-12-01,1961,12,Dec,-0.16,C
anomaly,G,1962-01-01,1962,1,Jan,0.05,C
anomaly,G,1962-02-01,1962,2,Feb,0.15,C
anomaly,G,1962-03-01,1962,3,Mar,0.1,C
anomaly,G,1962-04-01,1962,4,Apr,0.05,C
anomaly,G,1962-05-01,1962,5,May,-0.06,C
anomaly,G,1962-06-01,1962,6,Jun,0.03,C
anomaly,G,1962-07-01,1962,7,Jul,0.02,C
anomaly,G,1962-08-01,1962,8,Aug,-0.01,C
anomaly,G,1962-09-01,1962,9,Sep,0.0,C
anomaly,G,1962-10-01,1962,10,Oct,0.01,C
anomaly,G,1962-11-01,1962,11,Nov,0.06,C
anomaly,G,1962-12-01,1962,12,Dec,-0.03,C
anomaly,G,1963-01-01,1963,1,Jan,-0.03,C
anomaly,G,1963-02-01,1963,2,Feb,0.18,C
anomaly,G,1963-03-01,1963,3,Mar,-0.14,C
anomaly,G,1963-04-01,1963,4,Apr,-0.07,C
anomaly,G,1963-05-01,1963,5,May,-0.06,C
anomaly,G,1963-06-01,1963,6,Jun,0.05,C
anomaly,G,1963-07-01,1963,7,Jul,0.06,C
anomaly,G,1963-08-01,1963,8,Aug,0.22,C
anomaly,G,1963-09-01,1963,9,Sep,0.18,C
anomaly,G,1963-10-01,1963,10,Oct,0.15,C
anomaly,G,1963-11-01,1963,11,Nov,0.15,C
anomaly,G,1963-12-01,1963,12,Dec,-0.03,C
anomaly,G,1964-01-01,1964,1,Jan,-0.09,C
anomaly,G,1964-02-01,1964,2,Feb,-0.1,C
anomaly,G,1964-03-01,1964,3,Mar,-0.21,C
anomaly,G,1964-04-01,1964,4,Apr,-0.32,C
anomaly,G,1964-05-01,1964,5,May,-0.25,C
anomaly,G,1964-06-01,1964,6,Jun,-0.04,C
anomaly,G,1964-07-01,1964,7,Jul,-0.04,C
anomaly,G,1964-08-01,1964,8,Aug,-0.22,C
anomaly,G,1964-09-01,1964,9,Sep,-0.29,C
anomaly,G,1964-10-01,1964,10,Oct,-0.32,C
anomaly,G,1964-11-01,1964,11,Nov,-0.21,C
anomaly,G,1964-12-01,1964,12,Dec,-0.3,C
anomaly,G,1965-01-01,1965,1,Jan,-0.08,C
anomaly,G,1965-02-01,1965,2,Feb,-0.17,C
anomaly,G,1965-03-01,1965,3,Mar,-0.13,C
anomaly,G,1965-04-01,1965,4,Apr,-0.19,C
anomaly,G,1965-05-01,1965,5,May,-0.12,C
anomaly,G,1965-06-01,1965,6,Jun,-0.08,C
anomaly,G,1965-07-01,1965,7,Jul,-0.13,C
anomaly,G,1965-08-01,1965,8,Aug,-0.04,C
anomaly,G,1965-09-01,1965,9,Sep,-0.15,C
anomaly,G,1965-10-01,1965,10,Oct,-0.05,C
anomaly,G,1965-11-01,1965,11,Nov,-0.06,C
anomaly,G,1965-12-01,1965,12,Dec,-0.08,C
anomaly,G,1966-01-01,1966,1,Jan,-0.19,C
anomaly,G,1966-02-01,1966,2,Feb,-0.04,C
anomaly,G,1966-03-01,1966,3,Mar,0.03,C
anomaly,G,1966-04-01,1966,4,Apr,-0.13,C
anomaly,G,1966-05-01,1966,5,May,-0.12,C
anomaly,G,1966-06-01,1966,6,Jun,0.01,C
anomaly,G,1966-07-01,1966,7,Jul,0.08,C
anomaly,G,1966-08-01,1966,8,Aug,-0.09,C
anomaly,G,1966-09-01,1966,9,Sep,-0.03,C
anomaly,G,1966-10-01,1966,10,Oct,-0.17,C
anomaly,G,1966-11-01,1966,11,Nov,-0.01,C
anomaly,G,1966-12-01,1966,12,Dec,-0.03,C
anomaly,G,1967-01-01,1967,1,Jan,-0.07,C
anomaly,G,1967-02-01,1967,2,Feb,-0.21,C
anomaly,G,1967-03-01,1967,3,Mar,0.05,C
anomaly,G,1967-04-01,1967,4,Apr,-0.05,C
anomaly,G,1967-05-01,1967,5,May,0.12,C
anomaly,G,1967-06-01,1967,6,Jun,-0.08,C
anomaly,G,1967-07-01,1967,7,Jul,0.02,C
anomaly,G,1967-08-01,1967,8,Aug,0.01,C
anomaly,G,1967-09-01,1967,9,Sep,-0.06,C
anomaly,G,1967-10-01,1967,10,Oct,0.09,C
anomaly,G,1967-11-01,1967,11,Nov,-0.05,C
anomaly,G,1967-12-01,1967,12,Dec,-0.05,C
anomaly,G,1968-01-01,1968,1,Jan,-0.26,C
anomaly,G,1968-02-01,1968,2,Feb,-0.14,C
anomaly,G,1968-03-01,1968,3,Mar,0.2,C
anomaly,G,1968-04-01,1968,4,Apr,-0.06,C
anomaly,G,1968-05-01,1968,5,May,-0.14,C
anomaly,G,1968-06-01,1968,6,Jun,-0.09,C
anomaly,G,1968-07-01,1968,7,Jul,-0.13,C
anomaly,G,1968-08-01,1968,8,Aug,-0.09,C
anomaly,G,1968-09-01,1968,9,Sep,-0.19,C
anomaly,G,1968-10-01,1968,10,Oct,0.09,C
anomaly,G,1968-11-01,1968,11,Nov,-0.05,C
anomaly,G,1968-12-01,1968,12,Dec,-0.14,C
anomaly,G,1969-01-01,1969,1,Jan,-0.11,C
anomaly,G,1969-02-01,1969,2,Feb,-0.18,C
anomaly,G,1969-03-01,1969,3,Mar,0.01,C
anomaly,G,1969-04-01,1969,4,Apr,0.17,C
anomaly,G,1969-05-01,1969,5,May,0.18,C
anomaly,G,1969-06-01,1969,6,Jun,0.03,C
anomaly,G,1969-07-01,1969,7,Jul,-0.04,C
anomaly,G,1969-08-01,1969,8,Aug,0.03,C
anomaly,G,1969-09-01,1969,9,Sep,0.08,C
anomaly,G,1969-10-01,1969,10,Oct,0.09,C
anomaly,G,1969-11-01,1969,11,Nov,0.12,C
anomaly,G,1969-12-01,1969,12,Dec,0.24,C
anomaly,G,1970-01-01,1970,1,Jan,0.08,C
anomaly,G,1970-02-01,1970,2,Feb,0.22,C
anomaly,G,1970-03-01,1970,3,Mar,0.06,C
anomaly,G,1970-04-01,1970,4,Apr,0.05,C
anomaly,G,1970-05-01,1970,5,May,-0.04,C
anomaly,G,1970-06-01,1970,6,Jun,-0.03,C
anomaly,G,1970-07-01,1970,7,Jul,0.01,C
anomaly,G,1970-08-01,1970,8,Aug,-0.1,C
anomaly,G,1970-09-01,1970,9,Sep,0.12,C
anomaly,G,1970-10-01,1970,10,Oct,0.03,C
anomaly,G,1970-11-01,1970,11,Nov,0.02,C
anomaly,G,1970-12-01,1970,12,Dec,-0.12,C
anomaly,G,1971-01-01,1971,1,Jan,-0.03,C
anomaly,G,1971-02-01,1971,2,Feb,-0.16,C
anomaly,G,1971-03-01,1971,3,Mar,-0.18,C
anomaly,G,1971-04-01,1971,4,Apr,-0.07,C
anomaly,G,1971-05-01,1971,5,May,-0.05,C
anomaly,G,1971-06-01,1971,6,Jun,-0.17,C
anomaly,G,1971-07-01,1971,7,Jul,-0.08,C
anomaly,G,1971-08-01,1971,8,Aug,-0.01,C
anomaly,G,1971-09-01,1971,9,Sep,-0.06,C
anomaly,G,1971-10-01,1971,10,Oct,-0.04,C
anomaly,G,1971-11-01,1971,11,Nov,-0.07,C
anomaly,G,1971-12-01,1971,12,Dec,-0.08,C
anomaly,G,1972-01-01,1972,1,Jan,-0.22,C
anomaly,G,1972-02-01,1972,2,Feb,-0.18,C
anomaly,G,1972-03-01,1972,3,Mar,0.02,C
anomaly,G,1972-04-01,1972,4,Apr,0.0,C
anomaly,G,1972-05-01,1972,5,May,-0.03,C
anomaly,G,1972-06-01,1972,6,Jun,0.04,C
anomaly,G,1972-07-01,1972,7,Jul,0.01,C
anomaly,G,1972-08-01,1972,8,Aug,0.16,C
anomaly,G,1972-09-01,1972,9,Sep,0.02,C
anomaly,G,1972-10-01,1972,10,Oct,0.08,C
anomaly,G,1972-11-01,1972,11,Nov,0.02,C
anomaly,G,1972-12-01,1972,12,Dec,0.18,C
anomaly,G,1973-01-01,1973,1,Jan,0.29,C
anomaly,G,1973-02-01,1973,2,Feb,0.32,C
anomaly,G,1973-03-01,1973,3,Mar,0.29,C
anomaly,G,1973-04-01,1973,4,Apr,0.27,C
anomaly,G,1973-05-01,1973,5,May,0.23,C
anomaly,G,1973-06-01,1973,6,Jun,0.19,C
anomaly,G,1973-07-01,1973,7,Jul,0.13,C
anomaly,G,1973-08-01,1973,8,Aug,0.05,C
anomaly,G,1973-09-01,1973,9,Sep,0.09,C
anomaly,G,1973-10-01,1973,10,Oct,0.1,C
anomaly,G,1973-11-01,1973,11,Nov,0.05,C
anomaly,G,1973-12-01,1973,12,Dec,-0.07,C
anomaly,G,1974-01-01,1974,1,Jan,-0.1,C
anomaly,G,1974-02-01,1974,2,Feb,-0.27,C
anomaly,G,1974-03-01,1974,3,Mar,-0.05,C
anomaly,G,1974-04-01,1974,4,Apr,-0.12,C
anomaly,G,1974-05-01,1974,5,May,-0.04,C
anomaly,G,1974-06-01,1974,6,Jun,-0.05,C
anomaly,G,1974-07-01,1974,7,Jul,-0.03,C
anomaly,G,1974-08-01,1974,8,Aug,0.11,C
anomaly,G,1974-09-01,1974,9,Sep,-0.08,C
anomaly,G,1974-10-01,1974,10,Oct,-0.06,C
anomaly,G,1974-11-01,1974,11,Nov,-0.08,C
anomaly,G,1974-12-01,1974,12,Dec,-0.08,C
anomaly,G,1975-01-01,1975,1,Jan,0.1,C
anomaly,G,1975-02-01,1975,2,Feb,0.08,C
anomaly,G,1975-03-01,1975,3,Mar,0.13,C
anomaly,G,1975-04-01,1975,4,Apr,0.04,C
anomaly,G,1975-05-01,1975,5,May,0.16,C
anomaly,G,1975-06-01,1975,6,Jun,-0.01,C
anomaly,G,1975-07-01,1975,7,Jul,-0.01,C
anomaly,G,1975-08-01,1975,8,Aug,-0.17,C
anomaly,G,1975-09-01,1975,9,Sep,-0.02,C
anomaly,G,1975-10-01,1975,10,Oct,-0.11,C
anomaly,G,1975-11-01,1975,11,Nov,-0.17,C
anomaly,G,1975-12-01,1975,12,Dec,-0.17,C
anomaly,G,1976-01-01,1976,1,Jan,-0.03,C
anomaly,G,1976-02-01,1976,2,Feb,-0.06,C
anomaly,G,1976-03-01,1976,3,Mar,-0.22,C
anomaly,G,1976-04-01,1976,4,Apr,-0.07,C
anomaly,G,1976-05-01,1976,5,May,-0.21,C
anomaly,G,1976-06-01,1976,6,Jun,-0.12,C
anomaly,G,1976-07-01,1976,7,Jul,-0.1,C
anomaly,G,1976-08-01,1976,8,Aug,-0.12,C
anomaly,G,1976-09-01,1976,9,Sep,-0.07,C
anomaly,G,1976-10-01,1976,10,Oct,-0.24,C
anomaly,G,1976-11-01,1976,11,Nov,-0.06,C
anomaly,G,1976-12-01,1976,12,Dec,0.11,C
anomaly,G,1977-01-01,1977,1,Jan,0.18,C
anomaly,G,1977-02-01,1977,2,Feb,0.22,C
anomaly,G,1977-03-01,1977,3,Mar,0.24,C
anomaly,G,1977-04-01,1977,4,Apr,0.26,C
anomaly,G,1977-05-01,1977,5,May,0.33,C
anomaly,G,1977-06-01,1977,6,Jun,0.27,C
anomaly,G,1977-07-01,1977,7,Jul,0.2,C
anomaly,G,1977-08-01,1977,8,Aug,0.18,C
anomaly,G,1977-09-01,1977,9,Sep,0.02,C
anomaly,G,1977-10-01,1977,10,Oct,0.03,C
anomaly,G,1977-11-01,1977,11,Nov,0.16,C
anomaly,G,1977-12-01,1977,12,Dec,0.03,C
anomaly,G,1978-01-01,1978,1,Jan,0.06,C
anomaly,G,1978-02-01,1978,2,Feb,0.1,C
anomaly,G,1978-03-01,1978,3,Mar,0.19,C
anomaly,G,1978-04-01,1978,4,Apr,0.17,C
anomaly,G,1978-05-01,1978,5,May,0.09,C
anomaly,G,1978-06-01,1978,6,Jun,-0.01,C
anomaly,G,1978-07-01,1978,7,Jul,0.04,C
anomaly,G,1978-08-01,1978,8,Aug,-0.13,C
anomaly,G,1978-09-01,1978,9,Sep,0.06,C
anomaly,G,1978-10-01,1978,10,Oct,0.03,C
anomaly,G,1978-11-01,1978,11,Nov,0.14,C
anomaly,G,1978-12-01,1978,12,Dec,0.08,C
anomaly,G,1979-01-01,1979,1,Jan,0.08,C
anomaly,G,1979-02-01,1979,2,Feb,-0.1,C
anomaly,G,1979-03-01,1979,3,Mar,0.19,C
anomaly,G,1979-04-01,1979,4,Apr,0.15,C
anomaly,G,1979-05-01,1979,5,May,0.04,C
anomaly,G,1979-06-01,1979,6,Jun,0.14,C
anomaly,G,1979-07-01,1979,7,Jul,0.04,C
anomaly,G,1979-08-01,1979,8,Aug,0.17,C
anomaly,G,1979-09-01,1979,9,Sep,0.25,C
anomaly,G,1979-10-01,1979,10,Oct,0.26,C
anomaly,G,1979-11-01,1979,11,Nov,0.29,C
anomaly,G,1979-12-01,1979,12,Dec,0.48,C
anomaly,G,1980-01-01,1980,1,Jan,0.3,C
anomaly,G,1980-02-01,1980,2,Feb,0.39,C
anomaly,G,1980-03-01,1980,3,Mar,0.3,C
anomaly,G,1980-04-01,1980,4,Apr,0.3,C
anomaly,G,1980-05-01,1980,5,May,0.35,C
anomaly,G,1980-06-01,1980,6,Jun,0.21,C
anomaly,G,1980-07-01,1980,7,Jul,0.22,C
anomaly,G,1980-08-01,1980,8,Aug,0.19,C
anomaly,G,1980-09-01,1980,9,Sep,0.2,C
anomaly,G,1980-10-01,1980,10,Oct,0.13,C
anomaly,G,1980-11-01,1980,11,Nov,0.3,C
anomaly,G,1980-12-01,1980,12,Dec,0.22,C
anomaly,G,1981-01-01,1981,1,Jan,0.53,C
anomaly,G,1981-02-01,1981,2,Feb,0.42,C
anomaly,G,1981-03-01,1981,3,Mar,0.48,C
anomaly,G,1981-04-01,1981,4,Apr,0.32,C
anomaly,G,1981-05-01,1981,5,May,0.25,C
anomaly,G,1981-06-01,1981,6,Jun,0.29,C
anomaly,G,1981-07-01,1981,7,Jul,0.32,C
anomaly,G,1981-08-01,1981,8,Aug,0.35,C
anomaly,G,1981-09-01,1981,9,Sep,0.15,C
anomaly,G,1981-10-01,1981,10,Oct,0.12,C
anomaly,G,1981-11-01,1981,11,Nov,0.23,C
anomaly,G,1981-12-01,1981,12,Dec,0.41,C
anomaly,G,1982-01-01,1982,1,Jan,0.05,C
anomaly,G,1982-02-01,1982,2,Feb,0.16,C
anomaly,G,1982-03-01,1982,3,Mar,0.03,C
anomaly,G,1982-04-01,1982,4,Apr,0.15,C
anomaly,G,1982-05-01,1982,5,May,0.18,C
anomaly,G,1982-06-01,1982,6,Jun,0.06,C
anomaly,G,1982-07-01,1982,7,Jul,0.15,C
anomaly,G,1982-08-01,1982,8,Aug,0.04,C
anomaly,G,1982-09-01,1982,9,Sep,0.14,C
anomaly,G,1982-10-01,1982,10,Oct,0.13,C
anomaly,G,1982-11-01,1982,11,Nov,0.18,C
anomaly,G,1982-12-01,1982,12,Dec,0.43,C
anomaly,G,1983-01-01,1983,1,Jan,0.53,C
anomaly,G,1983-02-01,1983,2,Feb,0.43,C
anomaly,G,1983-03-01,1983,3,Mar,0.42,C
anomaly,G,1983-04-01,1983,4,Apr,0.28,C
anomaly,G,1983-05-01,1983,5,May,0.34,C
anomaly,G,1983-06-01,1983,6,Jun,0.22,C
anomaly,G,1983-07-01,1983,7,Jul,0.18,C
anomaly,G,1983-08-01,1983,8,Aug,0.36,C
anomaly,G,1983-09-01,1983,9,Sep,0.37,C
anomaly,G,1983-10-01,1983,10,Oct,0.17,C
anomaly,G,1983-11-01,1983,11,Nov,0.3,C
anomaly,G,1983-12-01,1983,12,Dec,0.17,C
anomaly,G,1984-01-01,1984,1,Jan,0.31,C
anomaly,G,1984-02-01,1984,2,Feb,0.14,C
anomaly,G,1984-03-01,1984,3,Mar,0.26,C
anomaly,G,1984-04-01,1984,4,Apr,0.06,C
anomaly,G,1984-05-01,1984,5,May,0.33,C
anomaly,G,1984-06-01,1984,6,Jun,0.02,C
anomaly,G,1984-07-01,1984,7,Jul,0.19,C
anomaly,G,1984-08-01,1984,8,Aug,0.19,C
anomaly,G,1984-09-01,1984,9,Sep,0.21,C
anomaly,G,1984-10-01,1984,10,Oct,0.14,C
anomaly,G,1984-11-01,1984,11,Nov,0.07,C
anomaly,G,1984-12-01,1984,12,Dec,-0.04,C
anomaly,G,1985-01-01,1985,1,Jan,0.22,C
anomaly,G,1985-02-01,1985,2,Feb,-0.04,C
anomaly,G,1985-03-01,1985,3,Mar,0.17,C
anomaly,G,1985-04-01,1985,4,Apr,0.12,C
anomaly,G,1985-05-01,1985,5,May,0.14,C
anomaly,G,1985-06-01,1985,6,Jun,0.15,C
anomaly,G,1985-07-01,1985,7,Jul,0.04,C
anomaly,G,1985-08-01,1985,8,Aug,0.17,C
anomaly,G,1985-09-01,1985,9,Sep,0.13,C
anomaly,G,1985-10-01,1985,10,Oct,0.12,C
anomaly,G,1985-11-01,1985,11,Nov,0.05,C
anomaly,G,1985-12-01,1985,12,Dec,0.14,C
anomaly,G,1986-01-01,1986,1,Jan,0.26,C
anomaly,G,1986-02-01,1986,2,Feb,0.37,C
anomaly,G,1986-03-01,1986,3,Mar,0.3,C
anomaly,G,1986-04-01,1986,4,Apr,0.22,C
anomaly,G,1986-05-01,1986,5,May,0.21,C
anomaly,G,1986-06-01,1986,6,Jun,0.12,C
anomaly,G,1986-07-01,1986,7,Jul,0.11,C
anomaly,G,1986-08-01,1986,8,Aug,0.16,C
anomaly,G,1986-09-01,1986,9,Sep,0.03,C
anomaly,G,1986-10-01,1986,10,Oct,0.15,C
anomaly,G,1986-11-01,1986,11,Nov,0.1,C
anomaly,G,1986-12-01,1986,12,Dec,0.13,C
anomaly,G,1987-01-01,1987,1,Jan,0.32,C
anomaly,G,1987-02-01,1987,2,Feb,0.43,C
anomaly,G,1987-03-01,1987,3,Mar,0.18,C
anomaly,G,1987-04-01,1987,4,Apr,0.24,C
anomaly,G,1987-05-01,1987,5,May,0.25,C
anomaly,G,1987-06-01,1987,6,Jun,0.35,C
anomaly,G,1987-07-01,1987,7,Jul,0.4,C
anomaly,G,1987-08-01,1987,8,Aug,0.25,C
anomaly,G,1987-09-01,1987,9,Sep,0.35,C
anomaly,G,1987-10-01,1987,10,Oct,0.33,C
anomaly,G,1987-11-01,1987,11,Nov,0.29,C
anomaly,G,1987-12-01,1987,12,Dec,0.46,C
anomaly,G,1988-01-01,1988,1,Jan,0.57,C
anomaly,G,1988-02-01,1988,2,Feb,0.44,C
anomaly,G,1988-03-01,1988,3,Mar,0.51,C
anomaly,G,1988-04-01,1988,4,Apr,0.43,C
anomaly,G,1988-05-01,1988,5,May,0.44,C
anomaly,G,1988-06-01,1988,6,Jun,0.4,C
anomaly,G,1988-07-01,1988,7,Jul,0.33,C
anomaly,G,1988-08-01,1988,8,Aug,0.39,C
anomaly,G,1988-09-01,1988,9,Sep,0.37,C
anomaly,G,1988-10-01,1988,10,Oct,0.38,C
anomaly,G,1988-11-01,1988,11,Nov,0.12,C
anomaly,G,1988-12-01,1988,12,Dec,0.29,C
anomaly,G,1989-01-01,1989,1,Jan,0.13,C
anomaly,G,1989-02-01,1989,2,Feb,0.3,C
anomaly,G,1989-03-01,1989,3,Mar,0.36,C
anomaly,G,1989-04-01,1989,4,Apr,0.29,C
anomaly,G,1989-05-01,1989,5,May,0.17,C
anomaly,G,1989-06-01,1989,6,Jun,0.17,C
anomaly,G,1989-07-01,1989,7,Jul,0.34,C
anomaly,G,1989-08-01,1989,8,Aug,0.33,C
anomaly,G,1989-09-01,1989,9,Sep,0.34,C
anomaly,G,1989-10-01,1989,10,Oct,0.29,C
anomaly,G,1989-11-01,1989,11,Nov,0.2,C
anomaly,G,1989-12-01,1989,12,Dec,0.37,C
anomaly,G,1990-01-01,1990,1,Jan,0.41,C
anomaly,G,1990-02-01,1990,2,Feb,0.44,C
anomaly,G,1990-03-01,1990,3,Mar,0.8,C
anomaly,G,1990-04-01,1990,4,Apr,0.56,C
anomaly,G,1990-05-01,1990,5,May,0.45,C
anomaly,G,1990-06-01,1990,6,Jun,0.37,C
anomaly,G,1990-07-01,1990,7,Jul,0.45,C
anomaly,G,1990-08-01,1990,8,Aug,0.34,C
anomaly,G,1990-09-01,1990,9,Sep,0.23,C
anomaly,G,1990-10-01,1990,10,Oct,0.44,C
anomaly,G,1990-11-01,1990,11,Nov,0.46,C
anomaly,G,1990-12-01,1990,12,Dec,0.4,C
anomaly,G,1991-01-01,1991,1,Jan,0.43,C
anomaly,G,1991-02-01,1991,2,Feb,0.49,C
anomaly,G,1991-03-01,1991,3,Mar,0.35,C
anomaly,G,1991-04-01,1991,4,Apr,0.51,C
anomaly,G,1991-05-01,1991,5,May,0.34,C
anomaly,G,1991-06-01,1991,6,Jun,0.53,C
anomaly,G,1991-07-01,1991,7,Jul,0.47,C
anomaly,G,1991-08-01,1991,8,Aug,0.39,C
anomaly,G,1991-09-01,1991,9,Sep,0.44,C
anomaly,G,1991-10-01,1991,10,Oct,0.29,C
anomaly,G,1991-11-01,1991,11,Nov,0.29,C
anomaly,G,1991-12-01,1991,12,Dec,0.32,C
anomaly,G,1992-01-01,1992,1,Jan,0.47,C
anomaly,G,1992-02-01,1992,2,Feb,0.4,C
anomaly,G,1992-03-01,1992,3,Mar,0.48,C
anomaly,G,1992-04-01,1992,4,Apr,0.27,C
anomaly,G,1992-05-01,1992,5,May,0.31,C
anomaly,G,1992-06-01,1992,6,Jun,0.26,C
anomaly,G,1992-07-01,1992,7,Jul,0.08,C
anomaly,G,1992-08-01,1992,8,Aug,0.08,C
anomaly,G,1992-09-01,1992,9,Sep,-0.01,C
anomaly,G,1992-10-01,1992,10,Oct,0.06,C
anomaly,G,1992-11-01,1992,11,Nov,0.03,C
anomaly,G,1992-12-01,1992,12,Dec,0.22,C
anomaly,G,1993-01-01,1993,1,Jan,0.34,C
anomaly,G,1993-02-01,1993,2,Feb,0.37,C
anomaly,G,1993-03-01,1993,3,Mar,0.36,C
anomaly,G,1993-04-01,1993,4,Apr,0.28,C
anomaly,G,1993-05-01,1993,5,May,0.28,C
anomaly,G,1993-06-01,1993,6,Jun,0.23,C
anomaly,G,1993-07-01,1993,7,Jul,0.25,C
anomaly,G,1993-08-01,1993,8,Aug,0.11,C
anomaly,G,1993-09-01,1993,9,Sep,0.11,C
anomaly,G,1993-10-01,1993,10,Oct,0.23,C
anomaly,G,1993-11-01,1993,11,Nov,0.03,C
anomaly,G,1993-12-01,1993,12,Dec,0.18,C
anomaly,G,1994-01-01,1994,1,Jan,0.26,C
anomaly,G,1994-02-01,1994,2,Feb,0.02,C
anomaly,G,1994-03-01,1994,3,Mar,0.29,C
anomaly,G,1994-04-01,1994,4,Apr,0.41,C
anomaly,G,1994-05-01,1994,5,May,0.28,C
anomaly,G,1994-06-01,1994,6,Jun,0.44,C
anomaly,G,1994-07-01,1994,7,Jul,0.3,C
anomaly,G,1994-08-01,1994,8,Aug,0.21,C
anomaly,G,1994-09-01,1994,9,Sep,0.32,C
anomaly,G,1994-10-01,1994,10,Oct,0.42,C
anomaly,G,1994-11-01,1994,11,Nov,0.44,C
anomaly,G,1994-12-01,1994,12,Dec,0.38,C
anomaly,G,1995-01-01,1995,1,Jan,0.52,C
anomaly,G,1995-02-01,1995,2,Feb,0.79,C
anomaly,G,1995-03-01,1995,3,Mar,0.47,C
anomaly,G,1995-04-01,1995,4,Apr,0.47,C
anomaly,G,1995-05-01,1995,5,May,0.27,C
anomaly,G,1995-06-01,1995,6,Jun,0.43,C
anomaly,G,1995-07-01,1995,7,Jul,0.45,C
anomaly,G,1995-08-01,1995,8,Aug,0.45,C
anomaly,G,1995-09-01,1995,9,Sep,0.34,C
anomaly,G,1995-10-01,1995,10,Oct,0.47,C
anomaly,G,1995-11-01,1995,11,Nov,0.44,C
anomaly,G,1995-12-01,1995,12,Dec,0.25,C
anomaly,G,1996-01-01,1996,1,Jan,0.24,C
anomaly,G,1996-02-01,1996,2,Feb,0.46,C
anomaly,G,1996-03-01,1996,3,Mar,0.32,C
anomaly,G,1996-04-01,1996,4,Apr,0.33,C
anomaly,G,1996-05-01,1996,5,May,0.27,C
anomaly,G,1996-06-01,1996,6,Jun,0.25,C
anomaly,G,1996-07-01,1996,7,Jul,0.36,C
anomaly,G,1996-08-01,1996,8,Aug,0.48,C
anomaly,G,1996-09-01,1996,9,Sep,0.25,C
anomaly,G,1996-10-01,1996,10,Oct,0.2,C
anomaly,G,1996-11-01,1996,11,Nov,0.38,C
anomaly,G,1996-12-01,1996,12,Dec,0.37,C
anomaly,G,1997-01-01,1997,1,Jan,0.31,C
anomaly,G,1997-02-01,1997,2,Feb,0.41,C
anomaly,G,1997-03-01,1997,3,Mar,0.52,C
anomaly,G,1997-04-01,1997,4,Apr,0.33,C
anomaly,G,1997-05-01,1997,5,May,0.34,C
anomaly,G,1997-06-01,1997,6,Jun,0.54,C
anomaly,G,1997-07-01,1997,7,Jul,0.34,C
anomaly,G,1997-08-01,1997,8,Aug,0.41,C
anomaly,G,1997-09-01,1997,9,Sep,0.52,C
anomaly,G,1997-10-01,1997,10,Oct,0.61,C
anomaly,G,1997-11-01,1997,11,Nov,0.64,C
anomaly,G,1997-12-01,1997,12,Dec,0.59,C
anomaly,G,1998-01-01,1998,1,Jan,0.58,C
anomaly,G,1998-02-01,1998,2,Feb,0.88,C
anomaly,G,1998-03-01,1998,3,Mar,0.63,C
anomaly,G,1998-04-01,1998,4,Apr,0.63,C
anomaly,G,1998-05-01,1998,5,May,0.68,C
anomaly,G,1998-06-01,1998,6,Jun,0.77,C
anomaly,G,1998-07-01,1998,7,Jul,0.66,C
anomaly,G,1998-08-01,1998,8,Aug,0.65,C
anomaly,G,1998-09-01,1998,9,Sep,0.42,C
anomaly,G,1998-10-01,1998,10,Oct,0.41,C
anomaly,G,1998-11-01,1998,11,Nov,0.43,C
anomaly,G,1998-12-01,1998,12,Dec,0.55,C
anomaly,G,1999-01-01,1999,1,Jan,0.48,C
anomaly,G,1999-02-01,1999,2,Feb,0.64,C
anomaly,G,1999-03-01,1999,3,Mar,0.32,C
anomaly,G,1999-04-01,1999,4,Apr,0.32,C
anomaly,G,1999-05-01,1999,5,May,0.26,C
anomaly,G,1999-06-01,1999,6,Jun,0.36,C
anomaly,G,1999-07-01,1999,7,Jul,0.38,C
anomaly,G,1999-08-01,1999,8,Aug,0.31,C
anomaly,G,1999-09-01,1999,9,Sep,0.38,C
anomaly,G,1999-10-01,1999,10,Oct,0.34,C
anomaly,G,1999-11-01,1999,11,Nov,0.37,C
anomaly,G,1999-12-01,1999,12,Dec,0.41,C
anomaly,G,2000-01-01,2000,1,Jan,0.25,C
anomaly,G,2000-02-01,2000,2,Feb,0.56,C
anomaly,G,2000-03-01,2000,3,Mar,0.55,C
anomaly,G,2000-04-01,2000,4,Apr,0.57,C
anomaly,G,2000-05-01,2000,5,May,0.36,C
anomaly,G,2000-06-01,2000,6,Jun,0.4,C
anomaly,G,2000-07-01,2000,7,Jul,0.39,C
anomaly,G,2000-08-01,2000,8,Aug,0.42,C
anomaly,G,2000-09-01,2000,9,Sep,0.39,C
anomaly,G,2000-10-01,2000,10,Oct,0.26,C
anomaly,G,2000-11-01,2000,11,Nov,0.3,C
anomaly,G,2000-12-01,2000,12,Dec,0.28,C
anomaly,G,2001-01-01,2001,1,Jan,0.45,C
anomaly,G,2001-02-01,2001,2,Feb,0.44,C
anomaly,G,2001-03-01,2001,3,Mar,0.55,C
anomaly,G,2001-04-01,2001,4,Apr,0.5,C
anomaly,G,2001-05-01,2001,5,May,0.57,C
anomaly,G,2001-06-01,2001,6,Jun,0.52,C
anomaly,G,2001-07-01,2001,7,Jul,0.59,C
anomaly,G,2001-08-01,2001,8,Aug,0.49,C
anomaly,G,2001-09-01,2001,9,Sep,0.52,C
anomaly,G,2001-10-01,2001,10,Oct,0.5,C
anomaly,G,2001-11-01,2001,11,Nov,0.72,C
anomaly,G,2001-12-01,2001,12,Dec,0.56,C
anomaly,G,2002-01-01,2002,1,Jan,0.77,C
anomaly,G,2002-02-01,2002,2,Feb,0.79,C
anomaly,G,2002-03-01,2002,3,Mar,0.88,C
anomaly,G,2002-04-01,2002,4,Apr,0.58,C
anomaly,G,2002-05-01,2002,5,May,0.65,C
anomaly,G,2002-06-01,2002,6,Jun,0.53,C
anomaly,G,2002-07-01,2002,7,Jul,0.61,C
anomaly,G,2002-08-01,2002,8,Aug,0.53,C
anomaly,G,2002-09-01,2002,9,Sep,0.63,C
anomaly,G,2002-10-01,2002,10,Oct,0.54,C
anomaly,G,2002-11-01,2002,11,Nov,0.59,C
anomaly,G,2002-12-01,2002,12,Dec,0.44,C
anomaly,G,2003-01-01,2003,1,Jan,0.75,C
anomaly,G,2003-02-01,2003,2,Feb,0.58,C
anomaly,G,2003-03-01,2003,3,Mar,0.59,C
anomaly,G,2003-04-01,2003,4,Apr,0.55,C
anomaly,G,2003-05-01,2003,5,May,0.61,C
anomaly,G,2003-06-01,2003,6,Jun,0.48,C
anomaly,G,2003-07-01,2003,7,Jul,0.58,C
anomaly,G,2003-08-01,2003,8,Aug,0.64,C
anomaly,G,2003-09-01,2003,9,Sep,0.62,C
anomaly,G,2003-10-01,2003,10,Oct,0.72,C
anomaly,G,2003-11-01,2003,11,Nov,0.53,C
anomaly,G,2003-12-01,2003,12,Dec,0.75,C
anomaly,G,2004-01-01,2004,1,Jan,0.58,C
anomaly,G,2004-02-01,2004,2,Feb,0.72,C
anomaly,G,2004-03-01,2004,3,Mar,0.63,C
anomaly,G,2004-04-01,2004,4,Apr,0.61,C
anomaly,G,2004-05-01,2004,5,May,0.37,C
anomaly,G,2004-06-01,2004,6,Jun,0.44,C
anomaly,G,2004-07-01,2004,7,Jul,0.26,C
anomaly,G,2004-08-01,2004,8,Aug,0.45,C
anomaly,G,2004-09-01,2004,9,Sep,0.5,C
anomaly,G,2004-10-01,2004,10,Oct,0.6,C
anomaly,G,2004-11-01,2004,11,Nov,0.72,C
anomaly,G,2004-12-01,2004,12,Dec,0.5,C
anomaly,G,2005-01-01,2005,1,Jan,0.74,C
anomaly,G,2005-02-01,2005,2,Feb,0.6,C
anomaly,G,2005-03-01,2005,3,Mar,0.74,C
anomaly,G,2005-04-01,2005,4,Apr,0.67,C
anomaly,G,2005-05-01,2005,5,May,0.63,C
anomaly,G,2005-06-01,2005,6,Jun,0.64,C
anomaly,G,2005-07-01,2005,7,Jul,0.61,C
anomaly,G,2005-08-01,2005,8,Aug,0.6,C
anomaly,G,2005-09-01,2005,9,Sep,0.71,C
anomaly,G,2005-10-01,2005,10,Oct,0.75,C
anomaly,G,2005-11-01,2005,11,Nov,0.74,C
anomaly,G,2005-12-01,2005,12,Dec,0.68,C
anomaly,G,2006-01-01,2006,1,Jan,0.56,C
anomaly,G,2006-02-01,2006,2,Feb,0.73,C
anomaly,G,2006-03-01,2006,3,Mar,0.63,C
anomaly,G,2006-04-01,2006,4,Apr,0.47,C
anomaly,G,2006-05-01,2006,5,May,0.48,C
anomaly,G,2006-06-01,2006,6,Jun,0.66,C
anomaly,G,2006-07-01,2006,7,Jul,0.54,C
anomaly,G,2006-08-01,2006,8,Aug,0.71,C
anomaly,G,2006-09-01,2006,9,Sep,0.65,C
anomaly,G,2006-10-01,2006,10,Oct,0.7,C
anomaly,G,2006-11-01,2006,11,Nov,0.74,C
anomaly,G,2006-12-01,2006,12,Dec,0.79,C
anomaly,G,2007-01-01,2007,1,Jan,1.02,C
anomaly,G,2007-02-01,2007,2,Feb,0.7,C
anomaly,G,2007-03-01,2007,3,Mar,0.73,C
anomaly,G,2007-04-01,2007,4,Apr,0.76,C
anomaly,G,2007-05-01,2007,5,May,0.69,C
anomaly,G,2007-06-01,2007,6,Jun,0.61,C
anomaly,G,2007-07-01,2007,7,Jul,0.6,C
anomaly,G,2007-08-01,2007,8,Aug,0.6,C
anomaly,G,2007-09-01,2007,9,Sep,0.6,C
anomaly,G,2007-10-01,2007,10,Oct,0.58,C
anomaly,G,2007-11-01,2007,11,Nov,0.59,C
anomaly,G,2007-12-01,2007,12,Dec,0.5,C
anomaly,G,2008-01-01,2008,1,Jan,0.3,C
anomaly,G,2008-02-01,2008,2,Feb,0.38,C
anomaly,G,2008-03-01,2008,3,Mar,0.74,C
anomaly,G,2008-04-01,2008,4,Apr,0.54,C
anomaly,G,2008-05-01,2008,5,May,0.49,C
anomaly,G,2008-06-01,2008,6,Jun,0.49,C
anomaly,G,2008-07-01,2008,7,Jul,0.6,C
anomaly,G,2008-08-01,2008,8,Aug,0.46,C
anomaly,G,2008-09-01,2008,9,Sep,0.61,C
anomaly,G,2008-10-01,2008,10,Oct,0.67,C
anomaly,G,2008-11-01,2008,11,Nov,0.69,C
anomaly,G,2008-12-01,2008,12,Dec,0.54,C
anomaly,G,2009-01-01,2009,1,Jan,0.64,C
anomaly,G,2009-02-01,2009,2,Feb,0.53,C
anomaly,G,2009-03-01,2009,3,Mar,0.54,C
anomaly,G,2009-04-01,2009,4,Apr,0.61,C
anomaly,G,2009-05-01,2009,5,May,0.65,C
anomaly,G,2009-06-01,2009,6,Jun,0.64,C
anomaly,G,2009-07-01,2009,7,Jul,0.74,C
anomaly,G,2009-08-01,2009,8,Aug,0.68,C
anomaly,G,2009-09-01,2009,9,Sep,0.72,C
anomaly,G,2009-10-01,2009,10,Oct,0.65,C
anomaly,G,2009-11-01,2009,11,Nov,0.79,C
anomaly,G,2009-12-01,2009,12,Dec,0.67,C
anomaly,G,2010-01-01,2010,1,Jan,0.75,C
anomaly,G,2010-02-01,2010,2,Feb,0.83,C
anomaly,G,2010-03-01,2010,3,Mar,0.92,C
anomaly,G,2010-04-01,2010,4,Apr,0.85,C
anomaly,G,2010-05-01,2010,5,May,0.76,C
anomaly,G,2010-06-01,2010,6,Jun,0.68,C
anomaly,G,2010-07-01,2010,7,Jul,0.63,C
anomaly,G,2010-08-01,2010,8,Aug,0.67,C
anomaly,G,2010-09-01,2010,9,Sep,0.63,C
anomaly,G,2010-10-01,2010,10,Oct,0.71,C
anomaly,G,2010-11-01,2010,11,Nov,0.82,C
anomaly,G,2010-12-01,2010,12,Dec,0.45,C
anomaly,G,2011-01-01,2011,1,Jan,0.52,C
anomaly,G,2011-02-01,2011,2,Feb,0.48,C
anomaly,G,2011-03-01,2011,3,Mar,0.65,C
anomaly,G,2011-04-01,2011,4,Apr,0.65,C
anomaly,G,2011-05-01,2011,5,May,0.53,C
anomaly,G,2011-06-01,2011,6,Jun,0.63,C
anomaly,G,2011-07-01,2011,7,Jul,0.71,C
anomaly,G,2011-08-01,2011,8,Aug,0.74,C
anomaly,G,2011-09-01,2011,9,Sep,0.57,C
anomaly,G,2011-10-01,2011,10,Oct,0.66,C
anomaly,G,2011-11-01,2011,11,Nov,0.59,C
anomaly,G,2011-12-01,2011,12,Dec,0.61,C
anomaly,G,2012-01-01,2012,1,Jan,0.49,C
anomaly,G,2012-02-01,2012,2,Feb,0.49,C
anomaly,G,2012-03-01,2012,3,Mar,0.58,C
anomaly,G,2012-04-01,2012,4,Apr,0.72,C
anomaly,G,2012-05-01,2012,5,May,0.78,C
anomaly,G,2012-06-01,2012,6,Jun,0.65,C
anomaly,G,2012-07-01,2012,7,Jul,0.58,C
anomaly,G,2012-08-01,2012,8,Aug,0.65,C
anomaly,G,2012-09-01,2012,9,Sep,0.72,C
anomaly,G,2012-10-01,2012,10,Oct,0.79,C
anomaly,G,2012-11-01,2012,11,Nov,0.78,C
anomaly,G,2012-12-01,2012,12,Dec,0.53,C
anomaly,G,2013-01-01,2013,1,Jan,0.71,C
anomaly,G,2013-02-01,2013,2,Feb,0.62,C
anomaly,G,2013-03-01,2013,3,Mar,0.67,C
anomaly,G,2013-04-01,2013,4,Apr,0.54,C
anomaly,G,2013-05-01,2013,5,May,0.61,C
anomaly,G,2013-06-01,2013,6,Jun,0.69,C
anomaly,G,2013-07-01,2013,7,Jul,0.6,C
anomaly,G,2013-08-01,2013,8,Aug,0.69,C
anomaly,G,2013-09-01,2013,9,Sep,0.77,C
anomaly,G,2013-10-01,2013,10,Oct,0.69,C
anomaly,G,2013-11-01,2013,11,Nov,0.83,C
anomaly,G,2013-12-01,2013,12,Dec,0.7,C
anomaly,G,2014-01-01,2014,1,Jan,0.76,C
anomaly,G,2014-02-01,2014,2,Feb,0.55,C
anomaly,G,2014-03-01,2014,3,Mar,0.78,C
anomaly,G,2014-04-01,2014,4,Apr,0.8,C
anomaly,G,2014-05-01,2014,5,May,0.86,C
anomaly,G,2014-06-01,2014,6,Jun,0.67,C
anomaly,G,2014-07-01,2014,7,Jul,0.58,C
anomaly,G,2014-08-01,2014,8,Aug,0.83,C
anomaly,G,2014-09-01,2014,9,Sep,0.87,C
anomaly,G,2014-10-01,2014,10,Oct,0.81,C
anomaly,G,2014-11-01,2014,11,Nov,0.67,C
anomaly,G,2014-12-01,2014,12,Dec,0.79,C
anomaly,G,2015-01-01,2015,1,Jan,0.86,C
anomaly,G,2015-02-01,2015,2,Feb,0.9,C
anomaly,G,2015-03-01,2015,3,Mar,0.96,C
anomaly,G,2015-04-01,2015,4,Apr,0.76,C
anomaly,G,2015-05-01,2015,5,May,0.8,C
anomaly,G,2015-06-01,2015,6,Jun,0.81,C
anomaly,G,2015-07-01,2015,7,Jul,0.73,C
anomaly,G,2015-08-01,2015,8,Aug,0.81,C
anomaly,G,2015-09-01,2015,9,Sep,0.85,C
anomaly,G,2015-10-01,2015,10,Oct,1.09,C
anomaly,G,2015-11-01,2015,11,Nov,1.06,C
anomaly,G,2015-12-01,2015,12,Dec,1.16,C
anomaly,G,2016-01-01,2016,1,Jan,1.17,C
anomaly,G,2016-02-01,2016,2,Feb,1.37,C
anomaly,G,2016-03-01,2016,3,Mar,1.36,C
anomaly,G,2016-04-01,2016,4,Apr,1.11,C
anomaly,G,2016-05-01,2016,5,May,0.95,C
anomaly,G,2016-06-01,2016,6,Jun,0.8,C
anomaly,G,2016-07-01,2016,7,Jul,0.84,C
anomaly,G,2016-08-01,2016,8,Aug,1.02,C
anomaly,G,2016-09-01,2016,9,Sep,0.91,C
anomaly,G,2016-10-01,2016,10,Oct,0.89,C
anomaly,G,2016-11-01,2016,11,Nov,0.92,C
anomaly,G,2016-12-01,2016,12,Dec,0.87,C
anomaly,G,2017-01-01,2017,1,Jan,1.02,C
anomaly,G,2017-02-01,2017,2,Feb,1.14,C
anomaly,G,2017-03-01,2017,3,Mar,1.16,C
anomaly,G,2017-04-01,2017,4,Apr,0.94,C
anomaly,G,2017-05-01,2017,5,May,0.91,C
anomaly,G,2017-06-01,2017,6,Jun,0.72,C
anomaly,G,2017-07-01,2017,7,Jul,0.82,C
anomaly,G,2017-08-01,2017,8,Aug,0.87,C
anomaly,G,2017-09-01,2017,9,Sep,0.77,C
anomaly,G,2017-10-01,2017,10,Oct,0.9,C
anomaly,G,2017-11-01,2017,11,Nov,0.88,C
anomaly,G,2017-12-01,2017,12,Dec,0.94,C
anomaly,G,2018-01-01,2018,1,Jan,0.82,C
anomaly,G,2018-02-01,2018,2,Feb,0.84,C
anomaly,G,2018-03-01,2018,3,Mar,0.88,C
anomaly,G,2018-04-01,2018,4,Apr,0.89,C
anomaly,G,2018-05-01,2018,5,May,0.83,C
anomaly,G,2018-06-01,2018,6,Jun,0.78,C
anomaly,G,2018-07-01,2018,7,Jul,0.83,C
anomaly,G,2018-08-01,2018,8,Aug,0.77,C
anomaly,G,2018-09-01,2018,9,Sep,0.8,C
anomaly,G,2018-10-01,2018,10,Oct,1.02,C
anomaly,G,2018-11-01,2018,11,Nov,0.82,C
anomaly,G,2018-12-01,2018,12,Dec,0.92,C
anomaly,G,2019-01-01,2019,1,Jan,0.93,C
anomaly,G,2019-02-01,2019,2,Feb,0.95,C
anomaly,G,2019-03-01,2019,3,Mar,1.17,C
anomaly,G,2019-04-01,2019,4,Apr,1.02,C
anomaly,G,2019-05-01,2019,5,May,0.85,C
anomaly,G,2019-06-01,2019,6,Jun,0.91,C
anomaly,G,2019-07-01,2019,7,Jul,0.94,C
anomaly,G,2019-08-01,2019,8,Aug,0.95,C
anomaly,G,2019-09-01,2019,9,Sep,0.93,C
anomaly,G,2019-10-01,2019,10,Oct,1.01,C
anomaly,G,2019-11-01,2019,11,Nov,0.99,C
anomaly,G,2019-12-01,2019,12,Dec,1.09,C
anomaly,G,2020-01-01,2020,1,Jan,1.17,C
anomaly,G,2020-02-01,2020,2,Feb,1.25,C
anomaly,G,2020-03-01,2020,3,Mar,1.17,C
anomaly,G,2020-04-01,2020,4,Apr,1.14,C
anomaly,G,2020-05-01,2020,5,May,1.02,C
anomaly,G,2020-06-01,2020,6,Jun,0.92,C
anomaly,G,2020-07-01,2020,7,Jul,0.9,C
anomaly,G,2020-08-01,2020,8,Aug,0.88,C
anomaly,G,2020-09-01,2020,9,Sep,0.99,C
anomaly,G,2020-10-01,2020,10,Oct,0.89,C
anomaly,G,2020-11-01,2020,11,Nov,1.11,C
anomaly,G,2020-12-01,2020,12,Dec,0.82,C
anomaly,G,2021-01-01,2021,1,Jan,0.82,C
anomaly,G,2021-02-01,2021,2,Feb,0.64,C
anomaly,G,2021-03-01,2021,3,Mar,0.89,C
anomaly,G,2021-04-01,2021,4,Apr,0.76,C
anomaly,G,2021-05-01,2021,5,May,0.79,C
anomaly,G,2021-06-01,2021,6,Jun,0.85,C
anomaly,G,2021-07-01,2021,7,Jul,0.92,C
anomaly,G,2021-08-01,2021,8,Aug,0.82,C
anomaly,G,2021-09-01,2021,9,Sep,0.93,C
anomaly,G,2021-10-01,2021,10,Oct,1.0,C
anomaly,G,2021-11-01,2021,11,Nov,0.94,C
anomaly,G,2021-12-01,2021,12,Dec,0.87,C
anomaly,G,2022-01-01,2022,1,Jan,0.91,C
anomaly,G,2022-02-01,2022,2,Feb,0.9,C
anomaly,G,2022-03-01,2022,3,Mar,1.06,C
anomaly,G,2022-04-01,2022,4,Apr,0.84,C
anomaly,G,2022-05-01,2022,5,May,0.85,C
anomaly,G,2022-06-01,2022,6,Jun,0.93,C
anomaly,G,2022-07-01,2022,7,Jul,0.94,C
anomaly,G,2022-08-01,2022,8,Aug,0.96,C
anomaly,G,2022-09-01,2022,9,Sep,0.9,C
anomaly,G,2022-10-01,2022,10,Oct,0.97,C
anomaly,G,2022-11-01,2022,11,Nov,0.72,C
anomaly,G,2022-12-01,2022,12,Dec,0.81,C
anomaly,G,2023-01-01,2023,1,Jan,0.87,C
anomaly,G,2023-02-01,2023,2,Feb,NULL,C
anomaly,G,2023-03-01,2023,3,Mar,NULL,C
anomaly,G,2023-04-01,2023,4,Apr,NULL,C
anomaly,G,2023-05-01,2023,5,May,NULL,C
anomaly,G,2023-06-01,2023,6,Jun,NULL,C
anomaly,G,2023-07-01,2023,7,Jul,NULL,C
anomaly,G,2023-08-01,2023,8,Aug,NULL,C
anomaly,G,2023-09-01,2023,9,Sep,NULL,C
anomaly,G,2023-10-01,2023,10,Oct,NULL,C
anomaly,G,2023-11-01,2023,11,Nov,NULL,C
anomaly,G,2023-12-01,2023,12,Dec,NULL,C
